Tarih,TP_FE_OKTG01,TP_FE_OKTG02,TP_FE_OKTG03,TP_FE_OKTG04,TP_FE_OKTG05,TP_FE_OKTG27,TP_FE_OKTG28
2003-1,94.77,94.88,94.46,94.47,95.4,95.01,95.04
2003-2,96.23,96.06,95.23,95.24,96.35,96.51,96.71
2003-3,98.12,97.06,96.12,96.01,97.21,98.49,98.85
2003-4,99.09,97.84,97.68,97.49,98.22,99.5,99.88
2003-5,100.04,98.75,98.97,98.8,99.28,100.5,100.7
2003-6,100.12,100.32,99.98,99.87,99.92,100.17,100.1
2003-7,99.93,100.85,100.49,100.23,100.27,99.74,99.39
2003-8,100.09,101.73,101.2,101.0,100.81,99.67,99.23
2003-9,101.44,102.67,102.89,102.97,102.19,101.08,100.52
2003-10,102.38,102.91,103.8,104.01,102.9,102.04,101.85
2003-11,103.68,103.32,104.52,104.88,103.62,103.4,103.61
2003-12,104.12,103.62,104.65,105.03,103.83,103.87,104.12
2004-1,104.81,104.54,105.51,105.89,104.45,104.58,104.85
2004-2,105.35,105.19,105.84,106.2,104.73,105.15,105.29
2004-3,106.36,106.12,105.8,106.09,104.82,105.68,105.98
2004-4,106.89,106.73,106.51,106.87,105.44,106.22,106.64
2004-5,107.35,107.51,107.75,108.27,106.71,106.71,107.14
2004-6,107.21,108.44,108.79,109.2,107.76,106.56,106.79
2004-7,107.72,109.39,109.25,109.37,108.55,107.09,107.17
2004-8,108.54,110.62,109.85,109.99,109.37,107.95,107.92
2004-9,109.57,111.83,111.06,111.33,110.58,108.98,108.79
2004-10,112.03,113.52,112.91,113.49,112.64,111.54,111.8
2004-11,113.5,114.21,114.28,115.05,114.06,113.09,113.58
2004-12,113.86,114.23,114.55,115.28,114.41,113.47,113.88
2005-1,114.49,115.21,115.16,115.94,114.79,114.12,114.33
2005-2,114.51,115.83,114.72,115.26,114.43,114.04,114.16
2005-3,114.81,116.59,114.76,115.25,114.79,114.34,114.32
2005-4,115.63,117.32,116.13,117.11,116.2,115.2,115.5
2005-5,116.69,117.82,118.08,119.63,117.51,116.31,116.84
2005-6,116.81,118.74,118.99,120.81,118.34,116.43,116.95
2005-7,116.14,119.31,118.26,119.83,117.88,115.62,115.95
2005-8,117.13,121.18,118.16,119.64,118.02,115.67,115.92
2005-9,118.33,122.01,118.75,120.28,119.04,116.93,117.35
2005-10,120.45,122.67,120.5,122.47,120.78,119.14,120.11
2005-11,122.14,122.73,121.42,123.56,121.57,120.91,122.17
2005-12,122.65,123.81,121.79,123.86,122.04,121.11,122.44
2006-1,123.57,125.33,121.76,123.49,122.42,121.73,122.88
2006-2,123.84,125.99,120.8,122.13,121.84,122.02,123.17
2006-3,124.18,126.67,120.62,121.68,121.81,122.36,123.48
2006-4,125.84,127.71,122.4,123.94,123.62,124.1,125.61
2006-5,128.2,128.9,124.96,127.19,126.22,126.57,128.43
2006-6,128.63,130.2,126.37,128.9,128.01,127.02,128.76
2006-7,129.72,132.3,126.87,129.07,129.02,128.15,129.95
2006-8,129.15,133.37,127.31,129.06,129.23,127.56,128.77
2006-9,130.81,134.41,129.13,130.99,130.28,129.28,130.51
2006-10,132.47,135.35,131.48,133.63,132.21,131.02,132.32
2006-11,134.18,135.72,132.51,134.55,133.36,132.81,134.23
2006-12,134.49,136.24,132.62,134.52,133.58,133.13,134.4
2007-1,135.84,137.36,132.17,133.75,133.27,134.53,135.84
2007-2,136.42,138.39,132.02,133.15,133.26,134.96,136.3
2007-3,137.67,139.81,132.66,133.71,134.03,135.74,137.16
2007-4,139.33,140.52,134.49,136.0,135.65,137.47,139.25
2007-5,140.03,140.95,136.52,138.52,137.38,138.2,140.15
2007-6,139.69,141.21,137.31,139.5,137.96,137.84,139.7
2007-7,138.67,141.5,136.45,138.1,137.25,136.77,138.35
2007-8,138.7,142.28,135.88,136.8,136.84,136.81,138.3
2007-9,140.13,143.5,137.06,137.5,137.98,138.3,139.92
2007-10,142.67,144.5,139.38,139.65,139.93,140.94,143.06
2007-11,145.45,146.96,140.94,140.94,142.92,143.34,145.26
2007-12,145.77,147.38,141.36,140.97,143.47,143.67,145.57
2008-1,146.94,149.68,140.61,139.7,144.19,144.89,145.6
2008-2,148.84,151.15,140.6,138.93,144.38,146.85,147.88
2008-3,150.27,152.97,142.43,140.13,146.31,148.32,149.4
2008-4,152.79,155.21,146.07,143.32,149.75,150.93,152.34
2008-5,155.07,157.59,149.95,147.25,153.05,153.3,155.12
2008-6,154.51,159.17,151.62,148.39,154.88,152.72,154.07
2008-7,155.4,161.47,150.96,147.13,156.01,153.64,153.65
2008-8,155.02,162.47,150.72,146.53,155.78,153.24,152.4
2008-9,155.72,163.12,151.45,147.6,156.4,153.97,153.08
2008-10,159.77,164.71,153.33,149.97,159.21,158.17,156.94
2008-11,161.1,165.46,154.31,151.35,160.33,159.55,157.74
2008-12,160.44,165.07,153.86,150.79,159.29,158.87,156.97
2009-1,160.9,166.04,153.15,149.98,159.0,159.34,157.17
2009-2,160.35,166.13,152.08,148.95,158.12,158.77,157.06
2009-3,162.12,166.52,151.23,147.91,157.47,160.08,158.73
2009-4,162.15,165.73,152.37,149.25,157.77,160.11,158.85
2009-5,163.19,165.66,154.49,151.92,158.92,161.18,160.8
2009-6,163.37,166.59,155.12,152.81,159.97,161.37,160.82
2009-7,163.78,168.67,155.15,152.69,159.88,160.9,160.09
2009-8,163.29,170.37,154.72,152.04,160.09,160.24,159.01
2009-9,163.93,171.39,155.15,152.58,160.72,160.9,159.61
2009-10,167.88,174.08,158.11,156.13,163.98,165.0,163.77
2009-11,170.01,174.88,159.08,157.27,165.33,167.2,166.39
2009-12,170.91,175.49,158.75,156.58,165.31,168.14,167.47
2010-1,174.07,180.0,158.29,155.73,166.02,169.35,168.51
2010-2,176.59,181.72,157.99,154.98,165.94,171.53,171.24
2010-3,177.62,182.95,158.81,155.91,166.87,172.6,172.48
2010-4,178.68,183.12,160.24,157.68,168.04,173.7,173.72
2010-5,178.04,182.65,162.21,160.21,169.87,173.04,172.7
2010-6,177.04,182.05,162.19,160.37,170.0,172.01,171.29
2010-7,176.19,182.76,161.66,159.56,169.51,171.12,170.12
2010-8,176.9,183.23,160.91,158.46,168.84,171.85,170.92
2010-9,179.07,184.25,160.99,158.22,169.12,174.24,173.9
2010-10,182.35,185.05,162.88,160.04,170.81,177.78,178.36
2010-11,182.4,185.63,164.18,161.26,172.28,177.76,178.17
2010-12,181.85,186.77,164.29,161.26,173.37,177.18,177.28
2011-1,182.6,188.15,164.21,160.68,173.69,177.96,177.78
2011-2,183.93,189.37,164.65,160.84,174.07,179.34,179.55
2011-3,184.7,190.67,165.59,161.79,175.34,180.12,180.38
2011-4,186.3,191.61,167.95,164.65,177.53,181.78,182.39
2011-5,190.81,192.6,170.55,167.77,180.08,186.45,188.18
2011-6,188.08,192.84,171.49,168.82,180.92,183.62,184.39
2011-7,187.31,193.92,171.34,168.23,180.99,182.83,183.24
2011-8,188.67,196.09,171.65,168.27,182.03,184.24,184.83
2011-9,190.09,198.61,172.93,169.24,183.52,185.69,186.39
2011-10,196.31,203.08,175.87,172.31,187.04,190.56,191.14
2011-11,199.7,204.42,178.11,174.45,188.93,193.61,194.71
2011-12,200.85,205.04,178.32,174.35,189.29,194.8,196.04
2012-1,201.98,207.23,178.59,174.21,190.25,195.95,196.71
2012-2,203.12,208.32,178.59,173.9,190.54,197.12,198.02
2012-3,203.96,209.71,179.3,174.59,191.83,197.98,198.98
2012-4,207.05,211.58,182.42,178.22,195.56,201.14,201.51
2012-5,206.61,211.03,184.58,180.63,196.73,200.67,200.76
2012-6,204.76,211.15,185.38,181.36,196.84,198.78,198.22
2012-7,204.29,211.36,185.13,180.84,196.27,198.3,197.71
2012-8,205.43,213.04,184.88,180.33,196.88,199.46,199.08
2012-9,207.55,215.27,185.4,180.54,198.31,201.6,201.73
2012-10,211.62,218.29,187.79,182.84,202.32,205.72,205.45
2012-11,212.42,218.47,189.52,184.44,203.67,206.53,206.25
2012-12,213.23,218.9,189.91,184.48,203.98,207.36,207.19
2013-1,216.74,221.99,189.83,184.17,204.07,209.38,208.97
2013-2,217.39,223.58,189.83,184.02,204.27,209.94,209.53
2013-3,218.83,224.35,190.65,184.72,204.89,211.41,211.15
2013-4,219.75,224.64,193.37,187.91,206.76,212.36,212.16
2013-5,220.07,225.27,195.87,190.68,208.64,212.68,212.51
2013-6,221.75,226.58,196.71,191.47,209.59,214.41,214.46
2013-7,222.44,228.23,197.15,191.86,210.36,215.13,215.25
2013-8,222.21,229.65,197.43,191.82,210.85,214.89,214.9
2013-9,223.91,231.9,198.91,193.1,212.69,216.62,216.76
2013-10,227.94,233.06,202.08,196.53,215.24,220.85,221.59
2013-11,227.96,233.87,203.32,197.76,216.38,220.95,221.57
2013-12,229.01,235.47,203.41,197.54,217.28,222.36,223.19
2014-1,233.54,240.77,204.45,198.15,218.6,226.07,227.27
2014-2,234.54,243.59,206.22,199.54,220.23,227.1,228.35
2014-3,237.18,245.43,208.8,201.93,222.32,229.81,231.43
2014-4,240.37,246.35,212.81,206.21,225.35,233.08,235.11
2014-5,241.32,246.65,215.78,209.31,227.67,234.07,236.09
2014-6,242.07,248.11,216.71,209.95,228.65,234.85,236.74
2014-7,243.17,250.33,217.63,210.56,229.76,235.71,237.3
2014-8,243.4,251.55,217.89,210.38,229.85,236.0,237.5
2014-9,243.74,252.57,218.71,210.97,230.48,236.51,237.9
2014-10,248.37,254.68,221.94,214.29,234.3,241.25,242.12
2014-11,248.82,254.54,223.43,215.61,235.0,241.72,242.52
2014-12,247.72,254.38,222.84,214.79,233.87,240.59,241.18
2015-1,250.45,257.28,223.58,215.26,234.33,242.87,243.11
2015-2,252.24,259.75,223.62,214.96,234.86,244.75,245.11
2015-3,255.23,262.06,224.98,216.27,236.69,247.8,248.51
2015-4,259.39,264.33,228.99,220.65,240.41,252.05,253.29
2015-5,260.85,266.01,232.85,224.97,244.2,253.53,254.9
2015-6,259.51,266.72,233.65,225.72,244.87,252.16,253.19
2015-7,259.74,268.73,234.16,225.96,245.05,252.25,253.21
2015-8,260.78,270.33,234.96,226.5,245.56,253.27,254.2
2015-9,263.11,272.79,236.78,228.34,247.49,255.61,256.59
2015-10,267.2,274.86,241.34,233.4,251.76,259.78,261.27
2015-11,268.98,275.07,243.41,235.48,253.3,261.59,263.27
2015-12,269.54,275.69,243.5,235.21,253.32,262.16,263.85
2016-1,274.44,280.59,244.53,235.99,254.67,265.86,267.2
2016-2,274.38,282.21,244.85,235.86,254.88,265.65,266.62
2016-3,274.27,283.11,245.95,236.83,256.18,265.54,266.3
2016-4,276.42,284.54,250.09,241.42,259.85,267.73,268.81
2016-5,278.02,285.96,253.09,244.71,263.0,269.37,270.63
2016-6,279.33,287.1,253.65,245.3,263.67,270.7,272.06
2016-7,282.58,289.98,254.21,245.61,264.16,272.97,274.54
2016-8,281.76,291.77,254.25,245.55,264.16,271.57,272.72
2016-9,282.27,293.4,254.67,245.89,265.34,272.08,273.01
2016-10,286.33,294.78,258.26,249.84,268.8,276.24,278.23
2016-11,287.81,296.51,260.17,251.93,270.99,277.76,279.81
2016-12,292.54,301.76,261.24,252.81,272.83,281.37,283.88
2017-1,299.74,307.7,262.97,254.26,276.28,288.31,291.01
2017-2,302.17,311.36,265.09,256.05,278.85,290.79,293.53
2017-3,305.24,313.65,268.26,259.24,281.15,293.93,296.71
2017-4,309.23,316.22,272.91,264.15,285.01,298.0,301.37
2017-5,310.61,317.66,276.34,267.67,287.31,299.41,302.9
2017-6,309.78,318.46,276.66,267.86,287.34,298.56,301.88
2017-7,310.24,320.81,278.27,269.18,288.73,298.96,302.13
2017-8,311.85,324.18,279.99,270.5,291.19,300.6,303.87
2017-9,313.88,326.45,282.4,272.89,293.93,302.68,305.91
2017-10,320.4,330.04,288.7,279.37,300.29,309.34,313.26
2017-11,325.18,333.59,291.84,282.36,304.45,314.22,318.8
2017-12,327.41,336.0,293.33,283.9,305.86,316.5,321.35
2018-1,330.75,340.93,295.34,285.23,308.87,319.84,323.92
2018-2,333.17,344.01,297.59,286.63,310.55,322.3,326.33
2018-3,336.48,347.23,300.32,288.89,313.15,325.67,329.83
2018-4,342.78,352.93,307.13,296.48,320.63,332.09,336.81
2018-5,348.34,357.96,311.64,301.51,325.69,337.73,343.14
2018-6,357.44,365.85,317.01,306.98,331.02,346.99,353.58
2018-7,359.41,369.61,320.04,309.82,333.88,348.87,355.45
2018-8,367.66,380.74,327.44,317.09,343.96,357.21,363.54
2018-9,390.84,404.13,349.37,338.52,366.79,380.81,388.96
2018-10,401.27,411.84,359.05,347.37,376.93,391.41,399.28
2018-11,395.48,405.54,353.75,340.87,371.45,385.48,392.3
2018-12,393.88,404.12,352.44,339.34,368.51,383.82,390.41
2019-1,398.07,405.93,353.09,339.48,366.96,387.98,396.89
2019-2,398.71,407.66,352.57,338.58,366.9,388.61,397.63
2019-3,402.81,410.01,353.54,339.53,368.92,392.78,402.04
2019-4,409.63,417.39,358.68,344.81,374.17,398.57,408.6
2019-5,413.52,424.56,364.31,349.37,379.52,400.9,411.34
2019-6,413.63,427.7,368.63,352.59,382.82,401.01,411.53
2019-7,419.24,436.98,376.14,360.0,391.09,406.57,415.67
2019-8,422.84,441.73,376.73,360.22,392.11,406.41,414.07
2019-9,427.04,446.28,380.47,364.05,397.31,410.26,415.9
2019-10,435.59,451.0,386.49,370.53,405.39,418.96,423.63
2019-11,437.25,452.68,388.78,372.41,407.57,420.64,425.51
2019-12,440.5,455.98,390.36,372.63,409.18,423.94,429.26
2020-1,446.45,461.37,391.7,373.01,411.49,430.04,434.93
2020-2,448.02,463.23,391.7,372.32,411.45,432.02,436.86
2020-3,450.58,465.57,394.72,375.14,412.46,434.63,439.52
2020-4,454.43,468.53,399.09,379.06,414.52,438.57,444.11
2020-5,460.62,474.27,405.15,385.43,421.41,444.73,451.2
2020-6,465.84,481.66,412.67,393.63,429.36,449.84,456.82
2020-7,468.56,487.78,415.6,396.89,434.01,452.57,459.74
2020-8,472.61,493.36,418.84,399.95,439.08,456.67,464.07
2020-9,477.21,498.3,424.5,405.25,444.34,461.37,469.18
2020-10,487.38,506.26,432.86,413.05,453.38,471.79,480.17
2020-11,498.58,516.83,442.13,421.79,462.12,483.26,493.22
2020-12,504.81,524.06,447.05,425.97,466.88,489.64,500.17
2021-1,513.3,535.62,454.37,430.81,475.39,498.13,507.22
2021-2,517.96,539.93,457.98,432.69,478.48,502.84,512.07
2021-3,523.53,545.75,463.74,438.46,483.73,508.51,517.83
2021-4,532.32,551.52,471.38,446.42,490.85,517.3,527.68
2021-5,537.05,558.27,476.01,450.92,496.4,522.12,532.98
2021-6,547.48,571.6,487.62,462.38,508.36,532.76,544.94
2021-7,557.36,582.36,492.51,465.24,517.11,542.82,552.74
2021-8,563.6,587.92,496.14,467.0,520.67,549.14,559.69
2021-9,570.66,597.08,503.59,474.06,529.0,556.32,566.74
2021-10,584.32,609.7,512.92,482.54,541.22,568.73,580.6
2021-11,604.84,633.48,529.44,496.11,561.76,589.65,604.11
2021-12,686.95,723.44,603.02,561.77,637.09,670.34,695.94
2022-1,763.23,806.38,648.2,600.78,703.38,741.52,757.46
2022-2,799.93,837.14,673.29,623.3,730.76,778.78,799.57
2022-3,843.64,887.06,701.82,650.64,770.88,821.9,849.05
2022-4,904.79,944.64,741.01,680.19,816.41,882.72,908.62
2022-5,931.76,980.37,769.39,703.6,846.06,907.62,933.46
2022-6,977.9,1042.45,801.74,727.12,900.64,953.56,974.59
2022-7,1001.03,1066.31,829.69,752.23,919.44,974.15,994.29
2022-8,1015.65,1085.75,855.99,775.58,938.37,989.01,1008.0
2022-9,1046.89,1120.61,879.43,796.84,971.51,1020.86,1030.83
2022-10,1084.0,1152.39,907.94,822.48,1001.04,1057.16,1070.08
2022-11,1115.26,1184.74,932.76,837.97,1025.73,1087.49,1103.62
2022-12,1128.45,1203.02,950.84,853.52,1038.1,1100.92,1113.64
2023-1,1203.48,1290.0,1018.03,919.02,1101.78,1172.27,1188.03
2023-2,1241.33,1325.87,1044.68,938.59,1127.0,1210.75,1232.13
2023-3,1269.75,1363.13,1067.55,958.81,1148.49,1239.49,1263.09
2023-4,1300.04,1393.8,1096.85,989.57,1168.48,1270.13,1304.18
2023-5,1300.6,1389.71,1136.39,1031.64,1168.43,1270.57,1340.71
2023-6,1351.59,1444.0,1175.58,1071.29,1209.99,1317.11,1393.28
2023-7,1479.84,1581.05,1280.4,1174.19,1323.87,1441.25,1529.81
2023-8,1614.31,1725.26,1399.74,1278.52,1454.5,1575.18,1670.24
2023-9,1691.04,1813.73,1470.57,1346.08,1525.5,1646.99,1746.86
2023-10,1749.11,1867.81,1521.79,1396.22,1578.77,1705.68,1805.43
2023-11,1806.5,1938.9,1560.26,1423.59,1633.42,1757.89,1843.52
2023-12,1859.38,1993.15,1597.62,1456.41,1673.42,1811.37,1894.52
2024-1,1984.02,2138.38,1707.03,1566.75,1786.2,1934.05,2022.02
2024-2,2073.88,2231.86,1779.22,1622.71,1858.42,2024.65,2126.6
2024-3,2139.47,2306.42,1835.02,1679.9,1913.16,2091.04,2203.33
2024-4,2207.5,2380.47,1894.45,1739.74,1967.08,2152.78,2277.97
2024-5,2281.85,2458.67,1965.82,1805.16,2043.5,2224.17,2343.71
2024-6,2319.29,2497.86,2003.18,1836.34,2080.96,2262.0,2379.52
2024-7,2394.1,2588.76,2052.66,1881.4,2152.17,2332.72,2440.33
2024-8,2453.34,2672.96,2111.82,1937.7,2225.73,2388.65,2475.57
2024-9,2526.16,2750.89,2179.86,2006.94,2288.97,2458.42,2551.92
2024-10,2598.91,2789.07,2238.55,2062.95,2346.42,2532.09,2632.62
2024-11,2657.23,2833.41,2273.05,2094.59,2380.04,2591.17,2698.36
2024-12,2684.55,2870.84,2299.63,2116.73,2406.16,2618.84,2729.25
2025-1,2819.65,3041.3,2425.31,2234.95,2539.15,2754.46,2842.51
2025-2,2883.75,3132.43,2481.46,2275.17,2602.16,2819.3,2911.56
2025-3,2954.69,3197.21,2513.76,2308.5,2631.97,2881.41,2981.16
2025-4,3043.23,3294.39,2591.8,2385.6,2718.1,2971.0,3069.31
2025-5,3089.74,3344.68,2650.03,2443.64,2778.89,3017.96,3114.89
2025-6,3132.17,3400.32,2696.71,2490.86,2829.93,3060.71,3161.02
2025-7,3196.66,3500.39,2745.79,2534.29,2900.65,3119.87,3206.87
2025-8,3261.72,3577.16,2802.62,2577.15,2955.04,3178.87,3272.37
2025-9,3367.22,3689.27,2896.19,2660.03,3046.23,3285.57,3382.09
2025-10,3453.09,3756.13,2966.56,2724.21,3116.41,3369.52,3473.24
2025-11,3482.96,3802.16,3004.25,2757.43,3158.45,3396.77,3500.26
2025-12,3513.87,3847.35,3027.65,2774.68,3180.65,3427.95,3532.74
