Tarih,TP_FG_J011,TP_FG_J012,TP_FG_J021,TP_FG_J022,TP_FG_J031,TP_FG_J032,TP_FG_J041,TP_FG_J043,TP_FG_J044,TP_FG_J045,TP_FG_J051,TP_FG_J052,TP_FG_J053,TP_FG_J054,TP_FG_J055,TP_FG_J056,TP_FG_J061,TP_FG_J062,TP_FG_J063,TP_FG_J071,TP_FG_J072,TP_FG_J073,TP_FG_J081,TP_FG_J082,TP_FG_J083,TP_FG_J091,TP_FG_J092,TP_FG_J093,TP_FG_J094,TP_FG_J095,TP_FG_J096,TP_FG_J101,TP_FG_J102,TP_FG_J103,TP_FG_J104,TP_FG_J105,TP_FG_J111,TP_FG_J112,TP_FG_J121,TP_FG_J123,TP_FG_J124,TP_FG_J125,TP_FG_J126,TP_FG_J127
2003-1,93.43,95.87,91.52,89.7,95.41,94.75,92.17,97.15,92.9,100.11,95.34,96.33,96.11,95.9,96.96,95.7,99.72,83.69,90.12,94.26,98.15,91.14,94.12,105.72,95.14,102.96,96.61,96.71,94.19,94.58,97.46,92.34,92.0,92.24,93.61,96.3,93.01,93.8,95.01,102.58,90.84,98.87,100.0,94.72
2003-2,96.25,96.04,91.93,90.42,93.4,94.41,93.13,97.47,94.24,100.85,95.76,96.73,97.79,96.79,97.21,96.63,99.75,91.48,94.73,97.78,102.53,92.84,94.12,105.72,95.14,100.65,96.51,96.79,96.19,94.76,97.41,92.34,92.0,92.24,93.61,96.34,95.3,95.46,96.21,102.6,91.72,98.87,100.0,94.89
2003-3,101.29,96.26,92.19,90.42,92.89,94.4,93.92,97.8,96.07,101.08,95.89,97.14,97.49,97.64,97.4,97.8,99.76,98.17,97.41,98.61,104.47,93.59,94.12,106.19,97.61,101.22,96.78,97.16,96.38,95.38,97.59,92.34,92.0,92.24,93.61,96.39,96.32,95.67,97.18,101.88,96.09,98.87,100.0,100.44
2003-4,102.78,96.98,92.76,90.42,96.69,97.83,95.11,98.37,97.7,100.46,96.66,97.59,99.22,98.13,97.77,99.05,101.88,98.4,97.41,102.7,102.65,95.97,94.12,106.19,97.61,102.51,97.04,97.7,97.32,95.56,97.83,92.34,92.0,92.24,93.61,96.6,97.0,96.01,98.04,97.57,96.67,99.1,100.0,100.61
2003-5,103.73,98.29,93.1,90.42,100.51,99.97,96.58,99.15,98.94,101.44,97.98,98.38,99.9,98.89,98.37,99.78,101.91,100.05,97.49,102.86,100.3,100.02,94.12,103.61,97.61,101.98,97.22,98.25,98.05,95.66,97.75,92.34,92.06,92.24,93.61,97.02,97.78,96.98,99.02,97.53,96.94,99.13,100.0,100.63
2003-6,101.11,99.2,98.42,99.0,101.34,99.95,98.58,99.88,99.85,100.22,98.57,99.15,102.83,99.69,99.14,100.35,101.98,100.47,99.73,101.69,99.85,101.07,94.12,100.94,101.24,100.21,97.48,98.97,98.85,95.99,102.48,92.65,92.3,92.24,93.61,97.75,98.95,98.2,100.0,96.19,97.47,99.22,100.0,100.66
2003-7,98.91,101.77,101.94,103.93,99.49,99.35,100.35,100.51,102.37,99.47,99.48,100.12,99.74,100.57,99.84,101.55,102.02,102.91,102.66,102.69,100.03,102.08,94.12,98.03,101.24,97.31,97.85,99.27,99.71,97.17,107.22,92.65,92.3,92.39,93.61,98.07,99.87,98.67,100.65,94.55,97.71,99.6,100.0,100.81
2003-8,97.38,102.2,105.29,108.86,97.07,98.95,102.38,101.02,102.62,98.93,100.66,100.73,99.78,101.15,100.25,101.21,102.09,104.1,103.11,101.01,99.97,102.6,101.96,95.26,102.15,95.3,98.88,100.15,101.51,99.15,112.68,105.48,111.07,110.77,93.61,99.23,101.29,99.19,101.33,95.64,99.9,100.14,100.0,100.89
2003-9,98.55,102.87,106.02,108.86,100.3,101.37,104.7,101.66,102.76,99.33,101.88,102.1,102.96,101.68,101.52,101.69,102.31,104.85,103.66,100.14,99.21,104.64,109.8,93.64,103.06,97.89,103.88,101.47,102.68,105.39,107.4,111.86,111.07,110.83,112.79,103.94,102.69,105.17,102.29,98.74,106.49,101.18,100.0,101.43
2003-10,100.03,103.47,107.37,109.31,105.25,104.39,106.81,102.01,103.59,99.06,103.82,103.12,103.34,102.39,103.01,101.98,98.67,105.23,104.11,98.8,97.53,105.21,109.8,94.34,103.06,99.42,105.15,103.93,104.52,107.09,96.66,111.89,111.07,110.87,112.79,105.31,104.76,106.46,103.06,101.44,108.35,101.53,100.0,101.57
2003-11,102.76,103.48,109.28,109.31,109.01,107.39,107.83,102.41,104.11,99.29,106.79,103.91,103.37,103.18,103.9,101.83,94.95,105.25,104.78,99.34,97.63,105.38,109.8,95.13,103.06,100.05,106.21,104.72,105.21,109.53,92.67,111.89,111.07,110.87,112.79,105.99,105.59,107.06,103.46,104.93,108.9,101.67,100.0,101.64
2003-12,103.78,103.56,110.17,109.31,108.65,107.24,108.44,102.58,104.85,99.75,107.17,104.72,97.49,104.0,104.63,102.43,94.97,105.39,104.78,100.12,97.69,105.45,109.8,95.24,103.06,100.52,106.37,104.9,105.38,109.75,92.83,111.89,111.07,110.87,112.79,107.06,107.45,107.33,103.73,106.33,108.9,101.83,100.0,101.7
2004-1,104.88,104.2,111.05,109.31,105.01,105.92,111.52,102.83,103.56,100.06,108.24,106.52,98.25,105.91,105.55,102.98,95.07,108.65,108.45,102.57,97.98,106.61,109.8,95.47,103.91,98.53,107.99,107.21,106.73,110.9,92.45,111.89,111.07,110.88,112.79,109.81,110.79,109.21,105.12,104.42,110.21,114.49,111.38,123.11
2004-2,106.29,104.3,111.43,109.31,100.67,103.39,112.87,103.32,104.42,100.33,108.96,107.5,98.62,107.29,106.35,102.92,95.53,120.22,111.89,103.11,98.33,106.75,109.8,94.0,104.2,97.97,109.55,109.82,109.7,111.71,93.97,111.89,111.07,110.88,112.79,112.71,112.55,111.34,106.29,102.31,111.62,115.21,111.38,123.27
2004-3,108.0,105.31,130.08,119.63,99.11,101.08,114.06,103.22,105.2,100.32,109.46,107.67,95.88,108.55,106.94,102.05,88.44,121.19,112.78,103.6,100.06,106.66,109.8,90.04,104.17,96.4,109.78,110.64,112.18,115.1,94.48,111.89,111.07,110.91,112.79,113.16,114.17,111.9,106.76,102.45,112.89,115.97,113.2,128.2
2004-4,108.28,106.11,131.39,119.63,101.8,104.01,115.31,103.21,105.32,100.28,110.32,107.74,92.96,109.37,107.33,101.51,88.9,121.67,113.4,103.64,100.23,106.64,109.8,89.11,104.17,96.89,110.06,111.53,112.51,114.88,97.91,111.89,111.08,110.91,112.79,113.16,115.24,112.83,107.02,104.74,114.45,116.79,113.2,128.21
2004-5,106.43,109.06,131.83,119.63,107.45,108.32,117.04,103.59,105.82,100.96,110.72,107.97,90.07,110.49,108.03,102.1,89.53,121.84,113.48,104.13,102.39,107.04,109.8,85.52,104.79,97.97,110.33,112.47,115.67,115.72,102.05,111.89,111.09,110.93,112.79,113.38,116.31,113.1,107.29,107.69,115.48,117.25,113.2,128.27
2004-6,103.46,110.73,132.45,119.63,108.46,109.1,119.44,104.48,106.24,101.67,113.66,108.03,90.71,111.76,108.77,102.22,89.45,122.14,115.0,105.98,104.84,107.13,109.8,77.66,105.42,96.66,110.44,113.39,115.76,114.84,110.26,111.89,111.09,110.97,112.79,115.33,117.18,113.74,107.56,108.36,115.99,117.56,113.2,128.38
2004-7,103.72,111.42,132.73,119.63,103.83,106.68,122.12,105.63,107.17,103.36,114.68,108.12,89.38,112.72,109.71,103.27,89.24,124.37,117.86,105.32,109.22,108.07,109.8,77.15,105.49,94.62,111.06,114.16,116.12,118.75,118.62,111.89,111.09,111.07,112.79,118.96,118.08,114.75,108.5,108.44,116.27,118.57,113.2,128.4
2004-8,104.58,111.99,133.57,119.8,100.9,103.7,124.76,106.9,107.66,104.61,117.85,108.15,90.02,113.29,110.58,103.86,95.52,125.15,119.26,98.79,112.35,108.82,109.8,73.84,105.56,93.89,111.76,114.87,117.44,116.03,125.04,127.56,131.14,131.67,112.79,122.53,118.94,115.63,109.21,109.78,116.92,118.92,113.2,128.43
2004-9,105.1,112.65,134.06,120.5,102.64,106.79,126.73,108.11,108.98,105.12,118.92,108.65,89.64,114.08,111.68,104.41,95.55,125.66,120.24,96.21,113.46,112.21,109.8,79.82,104.95,93.48,114.43,115.74,119.33,122.24,115.89,133.24,131.17,131.72,129.67,124.39,120.26,119.88,109.82,113.55,126.64,119.07,113.2,128.65
2004-10,108.32,113.28,134.29,121.03,111.09,112.8,128.72,109.52,109.87,106.65,120.39,109.43,90.28,115.11,113.29,105.03,95.63,126.49,120.82,96.43,120.67,114.13,109.8,89.33,104.95,94.41,115.0,117.26,119.91,123.98,115.31,133.34,131.17,131.74,129.67,128.88,121.79,120.78,110.28,115.92,129.91,121.48,113.2,128.77
2004-11,109.81,114.39,134.44,121.03,116.34,117.17,129.75,110.57,111.44,107.63,121.31,110.05,90.59,115.73,114.43,105.64,96.26,126.96,121.06,103.82,123.46,115.2,125.49,88.81,105.31,94.37,115.24,118.03,120.38,119.11,110.62,133.13,131.17,132.15,129.67,128.96,122.64,121.8,110.72,117.85,130.05,120.99,119.98,128.82
2004-12,110.3,115.39,134.21,121.03,116.11,118.23,130.66,111.32,112.59,108.57,122.34,110.53,91.48,116.65,115.38,106.25,96.3,127.32,121.76,100.57,123.72,115.78,125.49,88.81,105.59,92.68,114.88,119.32,120.65,119.41,110.68,133.13,131.17,132.25,129.67,129.0,123.71,121.81,111.41,117.06,130.7,119.22,119.98,129.12
2005-1,111.72,115.23,134.46,121.03,109.61,114.09,133.14,112.68,111.0,109.32,125.43,111.0,93.91,117.43,116.05,106.65,96.15,129.26,121.88,100.51,125.0,123.8,125.49,87.78,105.59,91.1,115.83,120.99,129.86,121.89,111.52,133.37,131.17,130.83,129.67,129.64,126.0,122.45,112.81,111.89,131.3,127.14,124.54,139.75
2005-2,112.75,115.28,157.07,122.06,101.85,106.78,134.79,114.02,110.82,109.66,126.75,110.55,95.41,118.03,116.99,106.96,95.56,126.52,130.36,101.26,125.61,124.22,125.49,89.47,105.59,90.67,115.36,122.42,132.04,120.26,110.47,132.86,132.65,129.47,129.67,125.29,128.18,123.87,113.91,108.23,129.7,130.53,126.59,139.88
2005-3,112.85,115.51,160.2,122.06,97.89,104.85,136.23,114.83,111.06,111.21,126.0,109.84,95.84,117.94,117.69,107.2,96.21,125.98,138.55,100.9,127.64,124.89,125.49,91.92,105.59,92.64,113.24,123.16,132.85,113.97,108.63,132.93,132.64,129.22,129.67,124.32,129.64,128.77,115.35,109.95,130.61,128.74,126.59,142.35
2005-4,111.65,116.05,161.32,122.06,105.61,115.87,137.22,115.3,105.29,113.35,127.15,110.26,96.87,117.63,118.41,107.45,96.2,128.11,138.6,102.86,132.69,125.28,125.49,89.61,105.6,91.35,113.05,124.65,132.78,114.46,106.36,132.83,132.65,129.13,129.67,123.27,130.21,130.81,116.16,111.71,131.08,123.83,128.68,144.01
2005-5,111.63,116.51,161.36,122.06,117.0,120.16,138.92,115.47,103.16,112.71,129.23,110.09,96.62,117.59,118.82,107.94,96.16,128.43,138.67,104.1,130.96,126.51,125.49,92.61,106.2,97.32,114.63,125.53,133.31,117.56,113.34,132.82,132.65,130.56,129.67,123.64,132.02,131.28,116.16,111.92,131.37,122.0,128.66,144.0
2005-6,109.66,116.66,162.77,122.06,118.21,120.38,141.32,115.94,103.53,112.83,131.54,109.53,98.03,117.47,118.84,108.63,96.03,128.91,138.79,103.83,132.74,127.44,119.55,86.51,106.25,105.32,114.51,125.99,134.68,119.72,119.3,140.03,143.23,134.89,129.67,123.44,133.06,132.2,116.76,112.99,135.88,127.27,128.66,144.01
2005-7,108.24,117.59,162.91,124.67,108.62,113.66,144.04,116.29,102.27,113.99,132.15,109.07,95.94,117.34,118.59,108.68,92.25,130.0,139.51,102.68,134.65,129.79,119.55,84.74,106.26,102.08,114.31,125.42,134.96,120.95,124.9,141.87,146.04,136.2,129.67,124.12,134.08,133.81,116.99,110.71,136.9,126.82,128.66,144.05
2005-8,108.11,118.28,162.88,147.54,102.94,108.45,147.83,116.19,103.21,114.22,131.56,109.02,98.19,117.38,118.82,106.52,88.41,130.9,140.6,102.62,136.64,132.83,119.55,86.41,106.4,101.76,115.26,124.62,136.98,120.29,129.68,142.69,147.33,137.65,129.67,126.44,134.87,134.83,117.28,113.36,139.69,130.87,128.66,144.08
2005-9,109.6,119.34,162.83,147.54,103.08,112.66,151.3,116.18,103.71,116.68,128.61,108.77,96.58,117.26,119.0,105.32,88.38,131.34,141.11,102.4,140.9,135.09,119.55,91.02,106.48,99.43,116.89,125.42,140.19,123.35,117.15,143.74,147.35,140.17,137.8,127.71,135.85,138.56,117.31,117.08,146.0,132.18,128.66,144.15
2005-10,112.21,119.9,163.04,147.54,111.17,119.04,154.0,116.18,103.94,118.85,133.51,110.31,99.08,117.34,119.28,105.36,88.37,131.62,141.77,102.54,141.55,135.82,119.55,91.5,107.8,97.77,117.94,126.25,140.61,127.65,113.11,144.16,147.44,139.65,137.8,130.56,137.89,141.04,117.85,120.83,146.95,130.54,128.66,144.23
2005-11,116.11,120.3,163.15,147.54,114.87,123.94,155.8,116.47,104.07,120.44,136.05,110.29,98.88,117.42,119.36,106.32,88.33,131.9,142.17,102.82,137.63,136.44,119.55,90.2,107.71,97.57,117.67,126.48,140.75,128.5,109.79,144.15,147.81,139.66,137.8,132.38,139.43,142.0,118.15,122.59,147.03,135.38,135.43,144.25
2005-12,115.7,121.42,163.33,155.32,113.65,124.78,157.42,116.97,104.24,120.69,136.71,109.96,99.82,117.46,119.49,108.93,88.46,131.98,142.19,102.18,137.37,136.59,119.55,88.28,107.64,97.78,118.38,127.21,140.52,128.51,111.4,144.12,147.81,139.66,137.8,132.5,140.44,142.35,118.4,128.37,146.75,135.42,142.2,144.23
2006-1,117.28,122.18,163.54,163.05,106.36,117.56,159.49,117.36,107.78,121.66,136.82,110.0,98.78,117.72,119.56,111.04,88.35,133.48,143.6,104.52,139.68,137.71,123.31,88.48,110.05,94.88,118.13,128.03,140.64,129.36,111.33,144.16,147.82,139.74,137.8,132.62,141.77,144.0,118.74,132.45,147.07,136.48,142.2,154.49
2006-2,120.25,122.74,163.64,163.05,96.99,109.86,162.26,117.83,110.37,122.53,128.84,110.27,98.85,118.1,119.87,111.8,88.47,134.69,145.42,105.12,139.36,138.22,123.31,85.54,110.15,93.54,117.85,128.65,139.47,131.04,100.95,143.96,147.82,139.64,137.8,132.97,143.3,145.89,119.24,134.07,148.6,143.56,143.59,154.49
2006-3,121.91,122.82,167.45,163.05,94.05,106.95,163.84,117.34,110.57,123.34,128.19,108.64,97.96,118.64,119.78,112.0,88.38,135.53,146.49,104.91,139.86,138.32,123.31,79.94,110.16,91.98,118.08,129.7,139.16,128.01,102.61,143.94,147.82,140.11,137.8,133.97,144.75,146.57,119.01,134.36,149.26,142.2,143.59,159.5
2006-4,122.69,123.05,168.03,163.05,103.51,114.28,165.52,117.6,110.74,123.06,131.51,106.53,97.98,118.64,119.84,112.14,88.44,135.98,147.56,105.66,143.58,138.68,123.31,78.88,110.17,90.07,117.85,130.83,140.66,133.28,115.03,143.96,147.82,140.49,137.8,134.51,146.15,148.59,119.16,145.15,149.83,143.94,143.59,159.64
2006-5,123.61,123.27,168.05,163.05,117.46,118.35,167.5,119.11,110.26,123.37,130.32,106.65,101.2,119.42,121.2,111.99,88.47,141.77,151.82,107.21,147.07,139.22,123.31,83.08,110.19,94.41,117.56,132.57,143.67,132.11,122.07,144.86,148.82,140.78,137.8,134.75,147.57,154.38,119.0,166.09,150.01,144.06,143.59,159.64
2006-6,119.97,124.29,168.04,163.05,118.84,118.12,169.88,123.4,111.37,126.75,134.2,108.09,100.48,122.52,124.16,112.78,88.52,142.56,152.96,112.46,155.1,140.2,123.31,89.98,110.19,95.03,118.49,136.05,144.03,131.25,139.02,150.81,156.92,142.58,137.8,135.67,148.34,156.34,119.21,162.16,152.56,143.25,147.06,159.62
2006-7,121.6,127.18,168.41,163.05,109.99,111.81,173.56,126.46,112.96,128.68,136.97,111.14,103.35,125.51,127.39,117.02,84.94,143.68,154.46,115.97,160.02,143.37,123.31,90.15,110.39,95.98,118.98,140.12,144.06,134.29,140.34,151.95,159.45,143.93,139.76,135.23,149.62,157.16,120.75,169.48,152.86,144.44,148.93,160.14
2006-8,119.91,129.12,168.26,163.05,102.1,104.94,177.0,127.53,113.48,129.91,140.22,112.36,103.92,127.24,129.46,120.55,88.19,144.5,154.7,116.46,157.17,146.76,123.31,85.97,110.39,95.15,120.79,143.85,143.42,136.07,146.46,152.41,159.93,144.01,141.01,135.61,150.96,157.95,122.87,162.29,154.44,149.08,155.72,160.28
2006-9,123.52,130.17,172.71,163.05,102.6,113.6,181.21,128.22,113.47,130.67,144.6,113.37,103.0,128.33,131.09,123.38,91.48,145.54,155.03,115.18,150.08,148.98,123.31,85.64,110.31,94.12,123.21,145.42,146.57,138.51,146.36,154.99,160.81,144.68,154.94,138.44,152.44,162.99,124.2,157.2,160.72,144.81,155.72,160.4
2006-10,124.5,130.38,172.8,163.05,112.98,123.13,184.22,128.72,114.8,132.28,144.37,114.21,103.01,129.84,133.01,124.28,91.51,146.02,155.34,117.05,147.89,150.45,123.31,83.91,110.39,93.32,123.76,147.96,145.22,142.81,154.95,155.53,161.12,143.21,155.64,138.89,154.07,165.25,124.71,155.75,162.26,146.01,155.72,160.5
2006-11,128.07,130.95,173.14,163.05,118.89,127.53,186.84,128.98,115.15,134.47,140.53,114.42,104.13,131.05,134.42,124.38,91.61,146.38,155.46,116.6,146.99,150.76,123.31,82.73,110.41,91.1,124.14,149.5,145.88,141.55,145.12,155.6,161.12,142.34,155.72,139.73,155.68,165.7,123.35,161.29,162.12,145.81,155.72,160.51
2006-12,128.83,131.83,173.42,163.05,116.12,126.2,188.92,129.47,115.29,135.4,141.18,114.61,103.22,132.11,135.3,124.71,91.61,146.51,155.12,112.62,148.32,154.19,123.31,81.64,110.42,90.54,124.32,150.14,146.53,141.53,155.16,155.61,161.12,142.39,155.74,140.07,156.56,165.66,123.79,159.62,162.47,147.39,155.72,160.54
2007-1,134.85,132.91,173.56,163.05,105.82,117.25,191.92,129.5,120.25,135.72,139.25,113.99,104.29,132.76,135.53,126.12,91.59,148.06,156.63,114.46,145.67,154.7,125.44,80.12,112.82,90.65,124.65,150.32,147.55,141.62,152.72,155.63,161.23,142.27,155.74,140.23,158.22,168.61,124.15,158.73,163.95,151.08,158.72,168.8
2007-2,137.07,134.24,175.8,167.28,98.62,110.79,194.45,129.81,121.06,135.74,139.78,113.61,105.72,133.41,135.89,127.59,91.57,149.24,157.31,116.23,146.48,154.45,127.56,74.99,113.62,89.23,124.0,151.19,149.17,142.37,144.78,155.68,161.43,142.29,155.74,141.2,159.17,169.96,125.17,162.39,165.0,153.45,154.46,168.8
2007-3,137.92,135.06,179.06,179.96,97.56,113.08,196.37,130.1,121.41,135.9,140.81,114.38,109.15,133.94,136.31,130.89,91.6,149.71,158.43,116.21,151.46,154.35,127.56,70.94,113.69,87.66,124.42,151.94,146.71,145.19,145.19,155.68,160.77,142.1,155.74,141.56,160.57,170.6,125.66,161.99,165.34,154.86,154.46,173.09
2007-4,139.28,135.4,179.89,179.96,108.56,126.01,198.45,130.57,121.89,135.56,140.93,114.69,106.05,134.57,136.65,131.77,91.58,150.4,159.0,116.41,154.21,155.19,127.56,67.65,113.56,87.2,124.5,152.18,150.26,146.54,145.98,155.72,162.29,142.92,155.74,141.5,161.51,170.84,125.68,163.51,165.6,155.78,154.46,173.22
2007-5,136.85,135.08,180.23,179.96,123.53,131.58,200.8,130.7,123.02,135.24,146.03,115.24,109.19,135.31,136.85,131.7,91.58,150.61,159.15,114.42,156.94,155.23,127.56,65.96,113.56,83.46,124.62,152.94,151.54,144.76,141.1,158.0,163.76,142.87,155.74,141.52,163.01,171.12,125.4,160.01,165.99,156.41,154.46,173.21
2007-6,133.97,135.85,180.74,179.96,125.32,132.65,202.91,130.75,123.68,135.25,146.31,115.45,109.26,136.02,137.55,132.18,91.58,150.77,159.32,113.09,156.45,156.98,127.56,62.7,115.9,83.1,124.83,153.63,155.76,146.08,146.97,163.22,169.79,147.3,155.74,142.63,163.95,171.28,125.06,156.16,167.14,159.84,154.46,173.31
2007-7,132.91,136.79,181.67,179.96,115.14,124.11,205.81,131.12,123.98,135.45,146.21,114.81,109.35,136.5,137.78,133.46,91.57,151.05,159.38,112.97,155.37,158.38,127.56,61.88,114.25,81.55,124.92,153.76,156.0,146.77,154.25,165.87,171.41,148.38,156.01,142.4,164.74,172.15,125.06,155.02,167.4,159.44,154.46,173.34
2007-8,135.21,138.17,181.76,179.96,106.83,115.59,208.71,131.84,124.06,136.09,145.64,114.63,109.61,137.13,138.35,133.45,91.59,151.38,159.48,112.96,154.49,158.98,127.56,60.86,110.77,81.02,124.94,153.87,158.33,148.59,155.25,167.06,171.86,148.67,156.29,142.16,165.87,173.72,125.4,157.18,168.46,161.69,155.98,173.36
2007-9,138.41,139.8,182.29,179.96,106.86,123.1,212.17,132.65,125.03,136.99,138.67,115.64,110.26,137.69,138.9,133.19,91.57,151.61,159.66,113.87,154.93,160.28,127.56,56.92,110.86,80.2,125.04,154.52,158.43,148.5,149.77,171.09,172.51,149.06,165.79,143.63,167.38,178.03,125.94,160.91,175.5,159.24,155.98,173.37
2007-10,143.41,140.26,182.4,179.96,115.66,133.12,215.33,133.12,125.29,137.39,138.5,116.0,110.87,138.15,139.16,133.64,91.61,151.77,159.67,111.51,154.73,161.84,127.56,51.81,111.74,79.64,125.75,155.05,158.61,148.33,154.76,167.42,172.64,149.27,166.09,144.98,170.24,178.15,127.14,161.47,178.07,167.01,158.72,173.4
2007-11,144.2,141.04,186.56,192.16,120.89,137.98,217.52,133.65,142.88,142.14,139.68,116.67,111.34,138.78,140.08,133.51,89.75,151.87,159.73,110.63,166.34,161.47,127.56,50.9,111.83,78.76,125.73,155.67,160.35,148.83,150.54,166.82,172.65,148.93,166.09,144.95,172.96,178.94,128.33,169.74,178.75,165.59,158.72,173.42
2007-12,144.69,141.89,186.77,192.16,119.06,137.32,219.17,134.02,143.12,144.27,139.95,116.92,111.36,139.25,140.04,133.92,87.71,152.1,160.08,108.89,166.55,163.34,127.56,50.31,113.7,77.68,125.36,156.12,158.49,149.36,151.93,166.52,172.63,148.74,166.09,145.4,174.06,178.82,128.3,166.85,178.69,163.89,158.72,173.42
2008-1,147.62,140.31,186.44,192.16,107.13,122.48,221.53,134.1,147.1,155.11,143.54,115.48,111.05,139.81,140.36,134.02,87.7,152.51,160.63,110.35,167.65,166.9,127.56,49.56,115.09,76.92,125.57,156.07,156.19,148.46,148.16,166.53,172.67,148.69,166.09,146.03,175.22,185.84,128.58,177.59,178.81,167.94,158.72,182.14
2008-2,155.47,141.44,187.02,192.16,99.43,114.93,223.73,134.79,147.4,155.24,144.13,115.17,112.49,140.73,140.82,136.12,87.68,152.69,160.93,110.77,169.01,167.56,127.56,48.42,115.45,76.92,125.74,156.37,153.61,149.81,150.94,166.19,172.67,148.69,166.09,146.18,176.98,185.78,129.51,186.88,179.81,166.93,158.72,182.14
2008-3,157.05,143.57,193.37,192.16,100.53,119.37,225.29,135.48,148.14,155.4,144.61,115.31,113.35,141.24,141.42,140.46,87.72,152.81,161.26,110.02,173.67,170.03,127.56,49.89,115.71,78.11,125.57,157.59,159.61,147.68,152.88,165.93,175.06,149.22,166.09,146.44,179.21,187.25,130.0,198.64,180.65,165.85,158.72,186.65
2008-4,158.63,144.99,194.24,192.16,112.1,133.97,227.02,136.65,149.27,156.4,145.11,115.33,112.81,142.29,143.44,143.0,87.76,152.87,161.58,111.81,179.95,172.95,127.56,49.47,115.84,78.15,126.3,159.14,158.01,147.06,154.63,166.02,176.73,148.73,166.09,146.73,182.55,188.4,131.07,201.34,181.4,165.53,158.72,186.77
2008-5,158.99,146.08,194.37,192.16,128.6,139.48,228.96,138.38,150.75,156.1,151.26,116.52,114.29,143.67,145.56,144.69,87.86,152.91,161.63,112.4,184.16,176.05,127.56,48.69,115.93,78.35,127.55,160.3,160.46,149.82,165.27,167.76,179.68,150.19,166.09,147.66,185.87,188.84,132.76,191.65,182.12,163.96,158.72,186.85
2008-6,153.07,148.77,194.51,192.16,128.23,138.33,231.46,139.93,151.13,158.94,153.53,116.98,115.91,144.74,147.86,145.26,88.06,152.96,161.75,112.72,188.33,180.19,143.39,47.15,117.04,78.15,127.98,161.96,160.67,151.72,171.7,174.68,185.21,154.25,166.09,149.78,188.09,189.61,134.07,189.72,182.69,163.3,158.72,186.92
2008-7,153.67,150.48,196.21,192.16,117.98,127.25,234.0,141.93,151.39,175.23,153.9,117.6,118.31,145.51,150.23,146.78,88.26,153.05,161.59,109.28,189.64,182.92,143.39,47.34,118.14,77.66,128.1,163.72,160.35,153.97,175.95,176.53,186.83,156.11,167.05,149.14,189.93,190.49,134.46,195.54,183.73,161.68,161.4,186.92
2008-8,153.56,151.45,196.62,192.16,110.59,120.43,236.52,143.49,154.62,180.24,152.98,118.22,117.34,146.16,152.13,148.41,91.84,153.09,161.72,108.93,180.66,185.05,143.39,45.8,119.01,77.26,128.82,163.65,163.44,153.68,175.84,178.02,187.61,156.54,168.41,149.08,191.48,191.33,135.83,178.99,185.41,157.89,164.08,186.93
2008-9,153.89,152.67,196.93,192.16,109.4,127.12,239.75,144.25,146.85,184.01,152.03,118.73,118.72,146.73,154.42,149.14,91.84,153.18,161.77,108.66,179.48,188.03,143.39,44.78,120.94,77.2,131.16,164.1,161.56,156.95,171.93,189.49,187.62,156.16,175.53,150.06,193.36,194.22,135.95,179.37,195.57,157.71,164.08,187.12
2008-10,160.24,153.53,197.25,192.16,118.68,137.8,242.66,145.08,148.2,195.91,151.92,119.68,119.66,147.87,158.01,149.23,91.88,153.25,161.72,108.04,176.22,189.56,143.39,44.56,120.94,80.82,131.59,164.89,161.68,155.86,169.95,189.52,186.09,153.35,178.91,152.44,195.48,196.48,136.65,205.25,196.08,155.08,164.08,187.24
2008-11,161.4,154.17,196.46,192.16,121.98,140.81,244.18,146.2,149.05,202.59,151.61,123.07,124.13,149.24,161.55,149.67,91.96,153.35,161.66,107.53,170.02,189.98,143.39,44.73,121.13,82.93,133.22,166.94,163.44,158.92,171.71,189.69,186.11,154.17,178.91,153.02,197.51,197.66,137.12,204.4,196.25,153.79,166.99,187.61
2008-12,162.16,155.14,196.38,192.16,116.98,136.09,245.14,147.36,149.16,199.89,151.18,125.1,125.68,150.04,163.22,150.33,92.04,153.37,156.42,106.19,159.11,190.92,143.39,43.89,121.94,82.76,134.44,168.35,163.74,161.16,175.47,189.7,186.0,153.79,178.91,153.28,198.0,197.75,137.96,213.14,195.97,152.52,170.17,187.72
2009-1,164.64,155.96,196.72,192.16,107.1,125.79,246.98,147.73,159.16,198.42,149.06,123.6,125.8,150.6,164.73,151.33,92.12,153.67,156.63,109.32,159.58,189.46,143.39,44.01,122.97,85.18,135.86,169.22,165.78,164.53,174.3,189.69,186.0,153.78,178.91,153.27,199.1,204.17,139.87,224.35,196.12,154.69,179.76,202.63
2009-2,164.59,157.01,199.82,192.16,101.11,118.84,248.05,148.24,159.01,194.13,149.02,123.2,121.73,150.98,164.75,150.83,92.16,153.86,156.93,111.74,162.87,189.05,143.39,43.79,121.44,84.42,137.64,169.52,163.41,167.82,174.32,189.71,185.07,152.76,178.91,152.88,200.37,204.33,140.55,250.18,196.73,153.42,183.03,202.68
2009-3,171.44,157.59,200.36,206.27,100.87,120.03,248.84,148.7,159.2,193.18,147.07,123.79,116.52,151.5,165.25,150.92,92.16,153.92,156.97,104.82,164.29,188.45,143.39,44.63,120.51,84.52,138.7,171.66,158.47,170.94,172.74,189.73,184.71,153.2,178.91,154.1,201.36,205.57,141.21,256.53,197.33,153.28,196.56,207.95
2009-4,170.75,158.2,201.0,206.27,111.61,134.26,249.68,149.06,159.33,188.83,137.23,125.4,114.05,152.25,165.99,151.05,97.41,154.01,157.17,99.75,164.1,188.27,143.39,45.1,120.77,81.62,138.91,173.14,161.89,183.89,170.82,189.9,184.51,153.63,179.23,153.55,202.32,204.81,141.32,234.28,198.18,154.55,196.56,207.97
2009-5,170.99,159.44,202.37,206.27,126.64,141.53,250.68,149.12,159.99,181.05,136.14,125.27,114.62,152.63,166.45,150.37,97.82,154.0,157.25,100.9,165.71,188.7,143.39,44.77,121.07,80.05,139.24,174.48,159.71,187.97,171.67,191.12,186.81,155.1,179.23,153.38,203.2,205.0,141.59,236.42,198.45,154.18,196.56,208.09
2009-6,168.06,160.68,202.78,206.27,126.24,138.21,251.68,149.39,162.91,182.19,137.58,125.64,113.9,153.18,166.36,148.9,97.82,153.98,157.37,104.82,170.97,191.15,143.39,44.95,122.56,80.4,139.28,174.24,159.16,186.06,199.67,196.37,189.47,156.42,179.23,149.75,203.94,206.03,142.28,241.67,198.34,156.09,208.21,208.1
2009-7,166.87,161.28,203.08,230.14,119.23,128.17,252.86,149.6,163.07,182.84,138.66,126.41,117.73,153.3,166.69,147.18,97.9,154.03,157.45,107.37,168.86,192.48,159.68,45.88,122.56,80.38,139.38,175.17,159.34,203.82,199.87,198.68,192.25,158.13,179.23,150.2,204.89,205.79,143.24,236.77,198.04,161.32,208.21,223.52
2009-8,164.06,161.32,203.08,234.35,112.57,123.04,254.16,150.04,167.63,183.47,139.11,126.24,119.1,154.02,167.32,145.57,97.87,154.17,157.45,107.99,175.7,192.87,159.68,46.96,122.56,78.86,139.48,174.38,167.42,203.41,197.15,199.36,192.59,158.98,179.23,148.59,205.88,205.68,143.09,234.87,198.29,160.44,208.21,238.9
2009-9,164.4,161.87,203.16,234.35,109.36,129.29,255.29,150.37,170.58,184.34,139.44,126.09,119.52,154.5,167.65,145.66,97.9,154.32,157.54,108.13,176.06,193.34,159.68,47.65,122.56,78.49,141.17,175.84,185.15,203.4,197.06,205.62,193.33,160.97,190.83,152.48,207.58,208.28,143.42,246.0,202.81,163.36,208.21,238.96
2009-10,169.54,162.88,208.51,234.35,118.82,139.06,256.48,150.87,170.64,191.72,149.97,127.76,120.6,155.45,167.82,145.32,97.92,154.42,157.85,113.7,177.09,194.48,159.68,47.34,124.25,79.1,141.97,178.43,187.52,204.17,198.47,205.9,193.08,161.23,190.83,155.24,210.34,208.7,143.8,252.58,203.46,164.07,208.2,238.99
2009-11,173.52,163.15,207.96,234.35,124.76,143.49,257.43,151.25,170.79,193.88,150.09,127.72,117.03,156.31,167.59,145.37,97.95,154.44,157.88,115.19,181.16,194.42,159.68,46.93,124.38,79.85,141.65,179.82,181.71,205.85,195.61,206.04,193.12,161.32,190.83,156.45,211.35,208.73,143.69,268.46,203.31,163.99,208.2,239.01
2009-12,177.59,163.77,206.1,234.35,121.25,139.58,258.09,151.5,170.91,195.43,148.48,127.52,117.3,156.88,167.8,144.61,96.79,154.52,157.93,113.19,181.86,195.75,159.68,46.72,125.69,79.69,142.64,180.48,179.33,206.97,190.71,206.17,193.12,161.31,190.83,156.17,212.8,208.57,143.22,273.53,202.46,166.07,208.2,239.07
2010-1,180.56,164.31,226.62,287.24,111.21,128.47,259.11,151.69,176.52,199.25,150.37,127.56,118.54,157.12,167.98,144.92,96.11,154.96,158.36,115.11,195.14,198.68,159.68,45.56,125.69,78.36,142.62,179.58,180.44,209.68,188.8,206.19,193.3,161.53,190.83,156.3,215.2,210.46,142.88,269.12,202.43,171.14,217.7,252.24
2010-2,190.24,164.27,227.24,298.32,105.21,122.37,259.84,152.11,176.43,200.51,150.57,127.68,119.37,157.74,168.15,142.74,95.44,155.15,158.45,115.06,196.65,199.93,159.68,46.1,125.69,78.07,142.78,179.88,179.7,206.42,188.94,206.19,194.38,161.12,190.83,155.49,217.95,210.4,143.43,268.63,202.92,173.01,217.7,252.21
2010-3,191.5,164.23,228.1,298.32,105.44,125.05,260.58,152.5,178.19,200.25,150.49,127.45,118.76,158.35,168.34,140.92,95.47,155.23,158.63,115.63,199.24,200.53,207.65,45.85,130.1,78.88,142.76,180.41,182.31,204.88,192.29,206.19,195.58,162.17,190.83,156.0,220.21,211.27,142.97,276.03,203.6,173.98,217.7,254.16
2010-4,191.72,165.16,229.12,298.32,117.18,136.11,261.22,152.75,178.19,200.37,154.4,130.75,118.69,158.6,168.14,139.0,95.61,154.84,172.89,115.92,198.66,200.94,207.65,45.99,123.12,77.26,143.46,181.69,183.5,204.68,193.88,206.18,196.17,161.54,190.83,155.11,222.78,213.48,143.23,274.83,203.75,173.07,217.7,254.16
2010-5,182.72,165.68,228.66,298.32,132.78,141.95,261.8,152.94,180.24,200.98,155.5,131.49,118.04,158.88,168.62,139.02,95.55,154.82,172.91,116.2,197.17,202.03,207.65,46.71,121.09,76.69,143.73,182.25,180.51,205.92,194.25,209.16,197.54,162.38,190.83,155.35,224.87,214.46,143.6,292.98,204.68,173.38,217.7,254.19
2010-6,177.71,166.73,228.15,298.32,133.73,140.64,262.28,153.2,183.3,201.54,156.05,132.72,119.01,159.55,169.63,138.49,95.56,154.82,173.01,115.53,195.23,203.17,207.65,46.35,122.14,76.18,143.8,183.05,180.48,209.16,186.83,213.96,200.99,163.97,190.83,153.62,225.36,214.52,142.37,305.16,205.44,172.95,217.7,233.59
2010-7,176.19,168.24,228.7,298.32,126.87,133.03,263.42,153.34,183.44,202.11,158.89,133.85,119.05,160.55,170.55,138.11,96.13,154.89,173.08,115.86,195.62,205.54,218.24,45.79,122.14,74.67,143.87,183.78,180.77,209.15,193.02,216.68,202.91,166.31,190.83,153.65,226.09,215.6,142.34,293.76,205.6,176.84,217.7,212.98
2010-8,181.67,169.67,229.01,298.32,120.4,128.14,264.5,153.6,183.21,202.24,158.98,134.06,119.06,161.06,170.77,137.6,94.31,155.11,173.14,115.5,194.86,206.18,218.24,45.99,120.78,74.14,143.72,184.43,182.95,210.14,190.42,217.46,203.23,166.57,190.83,153.31,227.24,215.56,142.57,290.7,205.89,176.06,230.6,213.14
2010-9,190.8,170.43,229.04,294.92,116.19,131.11,265.7,154.06,183.12,203.0,158.98,134.56,120.73,161.61,171.87,137.73,94.66,155.14,173.16,114.82,196.27,206.89,218.24,44.98,118.58,73.41,143.93,186.31,188.26,214.03,188.95,218.42,204.81,166.59,198.75,154.34,228.97,216.69,143.27,299.75,210.91,176.39,230.6,213.3
2010-10,199.96,171.23,229.38,291.52,125.01,141.25,266.77,154.5,183.37,203.09,158.0,137.05,119.39,162.31,173.29,138.42,94.94,155.22,173.21,115.23,197.06,207.73,218.24,44.13,118.0,72.39,144.7,186.0,188.03,210.03,183.82,217.77,204.92,166.88,198.75,155.99,231.57,217.64,144.26,304.38,213.68,175.94,230.6,213.34
2010-11,195.91,171.59,266.55,291.52,130.13,145.7,267.78,155.09,184.85,204.46,158.24,139.95,119.78,162.8,174.13,139.76,94.91,155.27,173.35,114.34,200.02,209.44,218.24,45.56,118.0,72.28,144.89,186.25,185.01,206.9,183.6,216.05,205.0,166.93,198.75,155.94,233.76,217.7,145.0,309.12,214.19,176.74,224.89,213.39
2010-12,190.36,171.34,269.26,291.52,127.58,144.0,268.31,155.55,187.91,208.16,157.66,142.28,120.17,163.1,174.31,140.73,94.94,155.3,173.54,112.91,208.75,209.53,218.24,46.47,121.23,72.61,144.87,186.46,189.08,202.8,184.09,215.89,205.21,167.09,198.75,156.26,234.72,216.49,145.79,326.74,214.26,177.16,231.56,213.48
2011-1,193.58,172.28,269.28,291.52,116.96,135.46,269.31,156.24,192.65,208.41,157.43,146.16,123.42,163.45,173.87,141.22,94.84,156.11,174.39,114.6,212.14,211.8,218.24,46.61,122.81,71.92,144.89,185.74,192.61,201.51,182.44,215.85,205.29,167.18,198.75,156.55,236.23,221.33,146.44,330.5,214.67,179.72,238.22,228.2
2011-2,198.74,173.64,269.86,291.52,111.05,128.06,270.23,157.05,188.78,208.45,158.43,147.97,125.68,163.82,174.68,141.78,94.85,156.36,174.65,118.84,213.68,213.16,193.22,46.79,123.38,70.89,145.13,186.24,190.11,204.38,183.36,215.85,205.46,167.82,198.75,156.82,237.3,222.21,148.14,332.54,215.15,180.2,238.22,228.22
2011-3,197.84,174.07,271.55,291.52,111.67,129.92,271.2,157.94,189.53,209.18,159.27,149.74,127.31,164.71,175.54,143.31,95.01,156.52,175.07,119.99,219.71,214.31,193.22,47.54,123.64,70.44,145.36,189.22,190.53,207.61,184.77,215.85,206.09,168.94,198.75,157.53,238.26,223.92,148.81,342.25,215.74,180.12,258.34,229.32
2011-4,196.83,174.09,271.39,291.52,124.44,141.91,271.97,158.71,190.1,210.19,164.7,155.87,127.58,164.98,177.19,144.93,95.18,156.65,175.1,121.66,222.12,215.2,218.24,47.23,121.19,69.33,147.75,190.59,192.04,207.87,189.46,216.73,207.05,169.41,198.75,157.58,239.4,225.61,149.45,342.6,216.3,180.45,258.34,229.34
2011-5,206.72,174.79,270.85,291.52,141.86,147.96,272.9,159.52,190.91,211.72,165.58,157.33,126.41,165.15,178.04,146.34,95.38,156.74,175.19,121.96,224.47,216.38,218.24,47.1,120.59,68.64,149.17,191.84,191.94,215.91,196.41,222.03,210.53,171.15,198.75,158.05,241.21,228.79,150.17,355.85,216.92,183.63,258.34,229.39
2011-6,192.48,175.88,270.97,291.52,143.16,147.46,273.89,159.98,192.91,211.48,167.05,158.33,126.31,165.44,178.55,147.72,95.37,156.83,175.31,122.75,223.41,218.8,218.24,47.32,121.49,68.48,150.12,192.35,191.36,213.8,226.94,228.25,214.3,174.14,198.75,158.18,242.34,230.38,150.68,365.97,217.42,184.4,273.64,229.35
2011-7,189.91,177.56,271.4,291.52,136.14,140.66,275.05,160.56,192.17,211.2,168.77,158.2,124.6,165.63,179.23,149.6,93.42,156.93,175.37,122.77,226.74,220.49,218.24,46.65,121.92,68.58,150.02,192.66,191.39,208.92,255.02,231.92,216.8,175.38,198.75,157.57,243.72,232.84,151.27,380.33,217.62,187.25,273.64,229.37
2011-8,192.64,178.54,271.8,291.52,129.68,136.49,275.93,161.35,192.14,213.07,171.19,158.12,125.25,165.8,180.14,151.18,93.4,157.12,175.49,125.79,231.72,221.8,218.24,46.2,121.92,69.46,150.63,193.61,191.79,212.54,254.3,231.22,217.57,176.92,198.75,158.45,245.19,235.52,152.1,430.84,218.68,189.67,273.64,229.4
2011-9,194.55,180.29,277.48,291.52,123.99,137.52,277.59,162.49,193.04,214.52,171.87,158.42,127.26,166.94,181.97,152.97,93.45,157.14,175.51,129.67,234.02,225.51,218.24,47.08,121.92,69.23,152.49,197.3,195.01,213.74,249.52,229.6,218.38,178.9,210.01,163.57,247.94,237.48,153.51,458.33,226.87,189.93,273.64,230.46
2011-10,202.83,182.48,301.47,333.58,133.72,149.17,279.03,163.65,194.04,230.36,176.4,161.89,128.01,168.72,185.74,154.96,93.48,157.19,175.55,130.95,233.87,228.03,218.24,49.93,121.92,70.25,155.02,201.28,196.13,219.09,244.03,229.77,218.38,179.84,210.01,165.03,250.45,239.31,154.71,440.28,228.64,191.96,281.75,230.45
2011-11,209.76,184.92,314.45,345.76,141.77,155.41,280.21,164.51,197.02,231.44,178.57,162.94,128.63,170.04,188.34,158.13,93.7,157.55,175.87,130.49,230.53,229.25,262.27,54.28,121.92,70.23,156.13,205.19,194.62,217.51,247.53,230.29,218.36,179.87,210.01,165.48,252.3,237.43,157.92,447.83,229.38,194.1,307.01,230.53
2011-12,214.03,186.96,313.9,345.76,138.06,154.36,280.96,165.67,198.6,232.81,178.92,163.44,128.66,171.12,190.35,158.87,93.55,157.48,175.8,130.35,231.75,229.4,262.27,54.1,122.45,69.97,157.54,207.91,196.34,224.8,242.74,229.88,218.37,179.55,210.01,165.31,253.75,236.79,159.17,446.38,229.65,195.14,307.01,230.73
2012-1,216.51,188.29,315.14,345.76,127.07,142.61,281.93,166.65,206.08,236.1,184.2,164.47,130.17,172.5,192.53,160.58,93.12,158.13,176.42,132.71,237.61,233.4,262.27,54.04,122.45,69.02,158.6,211.0,204.59,225.04,242.27,229.02,218.26,179.95,210.11,165.27,255.52,239.92,161.08,440.66,230.07,199.24,307.01,258.82
2012-2,221.34,188.57,315.13,345.76,121.74,137.35,282.91,168.37,206.66,237.97,184.91,164.38,132.38,173.0,194.31,163.4,94.43,158.54,176.78,132.4,239.97,233.95,262.27,53.02,122.45,68.22,160.7,211.79,205.64,223.96,240.66,229.01,218.8,179.95,210.11,166.03,256.86,239.35,162.26,439.24,231.27,201.7,307.01,258.81
2012-3,220.36,190.68,315.05,345.76,122.4,141.06,283.46,169.56,207.2,240.55,184.26,163.89,134.24,173.83,196.52,167.19,95.03,158.71,177.23,131.8,248.31,234.27,262.27,51.04,122.52,68.51,162.66,215.41,206.23,222.37,240.75,229.0,219.27,180.62,210.11,166.73,258.88,240.65,164.56,435.88,231.65,200.39,307.01,260.23
2012-4,219.95,191.97,317.61,345.76,139.15,157.62,284.55,171.37,208.1,255.7,187.64,164.38,133.78,174.31,198.04,169.06,96.19,158.89,177.56,132.34,247.6,236.4,262.27,50.65,122.58,68.68,164.29,217.56,207.08,225.01,242.4,230.51,221.03,181.36,210.11,168.07,261.83,244.84,166.04,431.86,231.93,201.93,307.01,260.28
2012-5,214.22,192.56,324.9,345.76,153.43,163.14,285.5,172.57,209.2,254.64,187.56,164.36,130.67,174.81,198.91,169.66,96.31,159.05,177.67,132.32,236.92,239.1,248.81,49.61,122.58,67.38,166.39,219.01,207.38,230.42,247.77,236.82,223.95,182.93,210.11,167.21,264.54,244.03,167.76,425.3,232.22,202.1,307.01,260.42
2012-6,206.24,193.25,324.74,345.76,151.74,163.31,287.05,173.36,213.91,252.59,187.8,165.39,131.17,175.66,199.63,171.27,96.33,159.35,178.03,132.39,228.25,238.47,248.81,50.04,125.07,67.27,167.16,221.89,208.6,232.49,256.69,241.86,229.33,187.76,210.11,167.56,265.86,244.98,169.36,430.35,232.65,203.95,307.01,260.59
2012-7,207.0,193.85,324.75,345.76,145.23,155.66,288.48,173.86,204.35,251.63,183.97,164.49,131.53,176.07,199.97,171.78,96.34,159.41,178.03,132.32,228.09,242.4,262.27,51.62,125.47,65.51,167.56,222.61,208.69,231.25,260.08,247.04,232.54,189.32,210.11,168.34,267.33,246.08,170.95,426.68,234.0,210.94,332.94,260.71
2012-8,210.2,194.67,324.65,345.76,138.92,147.19,290.21,174.52,204.32,254.14,186.68,164.54,131.61,176.25,199.97,173.47,95.54,159.52,178.11,132.23,238.2,242.81,262.27,50.47,125.57,65.7,169.12,223.88,209.56,234.77,260.91,248.79,236.95,191.94,210.11,168.86,269.1,246.51,171.77,428.91,236.24,216.24,332.94,260.8
2012-9,215.02,195.31,340.29,345.76,133.66,148.98,291.6,175.04,204.26,257.69,186.97,164.69,130.75,177.1,200.77,175.4,95.57,159.66,178.15,131.31,248.47,246.12,262.27,52.08,127.3,65.52,174.72,227.33,213.52,232.59,254.34,253.07,238.65,193.91,186.8,170.53,273.01,250.75,173.05,457.16,242.86,231.52,332.94,260.99
2012-10,218.76,196.82,366.22,345.76,142.77,159.12,293.54,175.76,205.34,274.2,188.82,165.17,130.71,178.04,202.38,176.27,95.6,159.72,178.22,131.36,260.55,248.24,262.27,51.47,129.29,64.49,178.88,228.76,217.52,232.78,247.02,254.59,239.11,194.01,186.94,171.3,274.84,252.42,174.03,463.3,245.55,239.8,332.94,261.09
2012-11,218.29,198.92,366.82,345.76,152.47,166.53,295.21,176.41,207.41,275.46,190.13,165.29,130.75,178.56,203.93,175.97,95.39,159.83,178.3,130.25,256.16,248.13,262.27,50.42,129.7,63.84,180.63,230.01,214.57,237.82,243.46,254.68,239.13,194.16,186.94,171.99,276.9,251.99,174.82,456.2,247.2,254.86,332.94,261.2
2012-12,221.92,199.37,367.21,345.76,149.51,166.42,296.29,177.1,207.98,275.82,190.37,165.45,130.82,179.29,204.07,176.74,95.39,159.89,178.48,129.92,255.03,248.11,262.27,51.71,131.13,63.76,181.56,231.07,216.34,233.27,243.14,254.74,239.15,194.18,186.94,172.13,278.04,252.45,175.85,450.71,247.48,260.6,332.94,261.24
2013-1,231.4,200.48,374.94,398.1,138.63,156.63,297.54,177.94,216.98,275.68,194.07,166.16,132.67,179.48,203.4,177.51,95.5,161.36,178.43,130.62,255.57,250.25,296.32,50.97,131.29,62.95,182.88,231.86,218.73,236.64,242.71,254.64,239.62,194.83,186.94,172.25,280.44,256.91,176.82,443.45,248.16,268.25,332.94,292.3
2013-2,233.57,200.96,375.72,401.55,130.09,145.67,298.62,179.53,218.74,275.36,197.47,166.08,134.11,180.65,204.46,178.53,95.46,162.52,179.59,133.56,259.47,251.58,296.32,50.82,131.6,62.61,183.65,232.66,217.14,232.95,242.06,254.73,240.7,196.32,186.94,173.16,281.86,257.93,177.44,436.44,249.37,270.89,332.94,292.61
2013-3,238.59,202.03,375.48,401.55,130.55,149.24,299.99,180.99,219.67,275.1,197.6,166.29,134.24,181.6,205.1,178.47,95.44,163.88,180.42,133.85,257.51,252.77,296.32,50.81,131.63,62.62,184.64,233.32,218.8,234.26,241.68,253.28,242.26,197.61,186.94,173.34,283.7,258.58,178.46,434.37,250.56,274.69,332.94,293.73
2013-4,235.25,202.05,375.14,401.55,148.12,164.96,301.5,181.51,220.62,274.63,199.71,167.15,134.51,182.61,206.07,178.31,95.4,164.95,180.6,134.0,251.29,253.95,296.32,50.21,132.03,61.63,185.24,235.9,219.76,241.18,246.94,255.21,243.95,199.74,186.94,173.0,286.03,259.89,179.21,415.33,250.55,275.35,332.94,293.77
2013-5,229.64,203.13,375.36,401.55,162.69,174.38,302.87,182.05,221.05,273.24,198.57,167.63,132.6,182.92,206.8,180.06,95.4,165.28,181.08,134.7,249.06,256.02,296.32,49.32,132.89,61.26,185.0,237.58,221.46,239.31,254.59,260.01,251.31,203.47,186.94,174.06,288.23,261.31,180.23,404.1,251.15,273.78,332.94,293.72
2013-6,234.09,203.82,374.88,401.55,159.35,173.16,304.75,182.56,222.08,273.24,199.09,167.9,132.54,183.94,207.0,180.63,95.25,165.74,181.9,134.85,258.49,258.68,296.32,48.17,133.32,60.91,184.47,240.46,221.97,244.23,270.95,266.99,257.05,208.03,186.94,175.72,290.07,262.53,180.98,401.43,252.04,270.38,332.94,293.76
2013-7,234.64,203.95,380.27,400.82,151.72,165.61,306.3,183.58,223.1,274.27,201.2,167.88,131.41,184.53,208.36,180.55,96.04,166.17,182.15,138.11,266.83,260.43,296.32,48.19,134.7,61.1,184.25,241.18,222.31,242.4,275.17,270.55,259.91,208.84,186.94,176.28,292.07,261.46,181.0,394.52,254.13,275.3,332.94,293.84
2013-8,232.65,204.46,381.23,400.82,146.12,160.04,308.02,184.51,223.84,274.68,201.59,168.04,131.19,185.33,207.81,180.12,96.6,166.68,182.34,139.2,268.81,261.74,296.32,47.84,134.7,60.54,184.42,243.21,223.57,238.64,287.08,272.79,264.42,212.1,186.94,179.3,294.42,262.41,181.15,413.76,254.8,278.83,332.94,293.93
2013-9,234.37,205.92,382.15,400.82,140.89,163.12,309.94,185.98,223.87,277.17,202.54,169.87,133.29,186.13,210.1,180.69,96.82,166.8,182.84,142.3,274.24,265.49,296.32,47.07,135.05,61.51,187.4,245.75,228.43,236.9,276.49,280.98,267.95,213.81,199.18,184.03,298.35,269.91,181.61,426.21,263.88,275.01,332.94,294.18
2013-10,244.15,207.06,386.49,397.4,155.66,174.13,311.75,187.21,224.82,277.51,208.14,174.04,135.03,187.69,211.24,181.61,97.18,166.88,183.45,144.18,270.85,267.28,266.75,46.7,135.18,61.86,188.01,248.52,229.12,248.85,265.33,282.73,268.12,213.9,199.18,184.67,301.33,270.97,182.03,416.48,265.15,275.87,332.94,294.33
2013-11,240.52,208.29,386.39,394.68,161.03,178.82,313.86,188.19,226.74,277.87,208.98,174.7,135.5,189.46,212.06,182.97,97.23,167.77,190.08,143.45,272.48,266.66,296.32,44.53,135.18,62.68,188.25,251.3,229.03,259.86,254.29,282.71,268.36,213.52,199.18,184.97,303.68,269.25,183.42,412.94,266.02,275.18,332.94,294.36
2013-12,244.14,210.01,386.2,383.48,156.01,177.29,315.56,188.49,227.13,282.04,208.75,175.7,135.36,190.72,213.18,183.94,97.28,168.49,197.76,143.25,282.75,265.98,281.14,43.92,135.18,63.49,189.18,256.52,232.45,250.64,252.72,282.71,268.23,213.66,199.18,185.05,306.42,269.1,184.58,407.0,266.88,273.51,332.94,294.51
2014-1,257.57,211.27,416.54,411.95,144.03,164.32,317.12,190.59,228.87,282.76,212.85,177.01,138.58,191.74,213.74,185.62,97.44,171.88,207.4,151.68,287.34,266.04,296.33,42.91,134.62,63.47,189.94,258.37,234.57,257.56,261.45,282.7,268.58,214.04,199.18,185.02,311.3,276.64,186.2,429.36,267.42,271.63,332.94,311.52
2014-2,257.79,212.79,418.08,411.95,136.96,155.23,318.48,194.51,231.45,282.46,215.2,179.62,140.92,194.08,217.01,187.88,97.8,173.34,210.07,161.1,287.97,268.25,281.14,43.31,134.77,64.62,193.1,264.27,233.76,256.22,261.77,282.93,269.51,215.58,199.18,184.79,316.14,277.53,188.06,441.11,268.27,270.36,332.94,312.0
2014-3,263.46,214.18,416.81,411.95,139.27,163.05,319.67,197.0,232.24,282.0,215.27,181.2,143.05,196.37,218.8,190.38,97.8,175.6,212.4,166.94,285.0,269.29,296.33,43.88,134.98,65.1,196.94,272.31,235.12,253.3,264.6,282.63,270.11,217.35,199.18,185.22,320.36,281.13,189.72,452.72,268.84,277.29,332.94,313.64
2014-4,267.36,215.42,418.41,411.95,158.45,181.01,321.13,198.18,233.79,281.57,222.34,186.04,143.37,198.45,219.97,191.54,98.27,176.37,219.35,167.83,278.82,270.7,296.33,44.38,135.01,64.02,198.15,277.96,238.56,256.55,258.96,288.32,271.8,218.38,199.18,185.49,323.11,280.87,191.74,436.58,269.89,278.07,332.94,313.84
2014-5,263.4,216.55,417.0,411.39,175.48,188.74,323.04,199.89,238.27,280.28,222.16,186.74,141.3,200.56,221.33,192.39,99.74,177.33,222.26,166.66,275.55,272.7,303.75,43.85,135.01,62.94,197.73,280.31,237.63,263.64,263.58,292.18,274.93,220.53,199.18,186.87,326.92,282.31,194.07,432.81,271.02,273.48,332.94,313.87
2014-6,264.17,219.26,416.71,411.16,172.76,188.26,325.48,200.86,239.08,279.51,223.76,187.64,141.4,202.1,221.93,193.26,102.06,177.94,223.04,164.96,278.96,276.51,303.75,44.22,135.01,61.03,198.4,283.07,238.0,267.41,280.72,298.28,281.77,225.23,199.18,188.11,330.23,282.92,196.17,434.5,271.85,272.12,332.94,314.0
2014-7,264.79,221.82,425.72,419.31,166.92,182.74,327.65,201.75,243.07,279.85,222.26,188.02,142.93,203.77,223.73,193.93,102.35,178.18,224.89,164.87,281.88,279.75,320.18,43.71,138.03,61.73,198.84,285.06,238.87,272.99,323.07,300.52,283.95,227.13,199.18,188.25,333.92,284.16,197.23,442.16,272.87,267.54,332.94,314.13
2014-8,267.08,224.44,435.12,416.63,158.47,174.64,329.92,202.54,244.81,279.44,221.04,188.26,144.29,205.42,224.18,195.32,102.5,178.44,225.44,164.79,279.5,282.72,320.18,43.36,138.36,60.96,199.69,286.33,240.26,276.0,333.97,302.55,286.05,228.99,200.4,190.13,339.64,287.25,198.97,445.54,275.41,263.62,332.94,314.11
2014-9,267.82,226.02,435.04,411.65,152.7,177.23,332.79,203.36,245.19,280.37,221.34,188.79,145.0,206.88,225.9,196.46,102.64,179.35,226.98,164.83,276.78,287.71,320.18,43.13,138.36,60.6,203.99,291.79,244.8,275.22,324.06,305.96,289.03,230.53,215.35,191.07,344.04,288.69,200.93,446.14,284.95,260.59,332.94,314.31
2014-10,275.22,228.54,434.9,411.65,168.61,192.3,335.33,204.35,248.81,296.71,222.37,185.75,145.08,208.94,227.52,197.17,102.75,180.27,232.38,164.74,273.73,290.44,320.18,42.14,138.55,60.62,207.6,294.8,248.4,276.12,311.9,307.21,290.52,231.1,215.35,194.89,347.19,289.83,202.51,452.03,286.07,260.9,332.94,314.36
2014-11,275.79,230.26,435.12,411.65,176.06,198.25,336.95,205.25,251.87,295.52,224.21,185.74,146.84,210.35,229.04,199.02,102.67,180.66,234.25,163.84,264.88,286.65,320.18,41.55,138.55,60.55,210.0,296.68,248.7,275.7,283.04,307.63,291.81,232.07,215.35,195.5,350.0,287.3,203.88,440.5,287.1,260.88,332.94,314.43
2014-12,275.74,230.8,434.26,411.65,168.65,194.09,338.72,205.99,251.27,295.19,224.92,185.26,146.61,211.69,230.52,199.11,102.68,180.95,234.88,162.89,253.79,286.62,320.18,41.04,138.55,60.54,211.71,299.22,246.07,281.56,278.88,307.84,291.99,232.17,215.35,194.89,352.53,283.58,204.88,451.46,287.81,261.27,332.94,314.52
2015-1,286.11,231.65,466.86,427.89,156.76,180.94,340.63,207.38,268.81,294.24,230.75,188.47,151.22,212.23,230.93,200.83,102.92,184.35,241.38,166.79,243.92,286.42,320.18,40.43,140.33,62.37,212.42,300.94,254.85,283.03,270.64,307.8,291.97,232.19,215.35,195.32,355.81,285.51,206.51,466.31,289.47,265.81,335.53,343.47
2015-2,293.83,234.19,468.68,425.72,146.69,168.15,342.26,208.96,271.88,294.58,230.53,188.76,151.79,213.83,232.02,201.56,103.86,185.39,244.66,170.74,249.45,287.34,320.18,40.41,141.85,61.91,214.62,302.07,256.02,287.39,278.33,307.71,291.61,231.68,215.35,195.33,359.73,287.53,206.5,478.23,290.69,268.07,338.27,343.55
2015-3,301.47,235.84,468.26,425.72,147.25,173.61,343.69,210.83,273.34,297.45,232.43,190.61,151.39,216.13,233.49,203.23,104.84,186.61,249.56,171.23,255.39,286.9,320.18,40.62,141.69,62.79,215.78,304.67,256.05,290.06,289.87,309.01,291.89,231.75,215.35,195.7,364.54,293.64,207.27,483.2,290.81,268.45,338.27,345.3
2015-4,306.65,236.96,469.34,425.72,166.14,192.09,345.63,212.54,275.45,297.64,235.28,194.73,154.13,218.88,233.24,205.09,105.05,187.38,249.89,171.46,257.33,287.91,320.18,40.01,141.54,62.93,217.46,304.57,258.09,292.61,305.81,314.22,295.47,231.82,215.35,196.25,369.37,295.97,209.09,497.31,292.23,275.2,338.27,345.73
2015-5,297.52,240.39,469.73,425.72,185.07,203.19,347.76,214.09,278.51,297.72,237.36,195.72,155.66,221.6,236.44,205.99,105.04,187.91,251.28,173.65,264.36,291.14,320.18,39.49,141.54,63.74,218.24,309.04,258.88,296.79,310.36,317.06,297.49,231.82,215.35,196.21,374.18,297.02,209.78,498.6,293.23,284.44,338.27,346.11
2015-6,288.49,241.71,469.27,425.72,182.3,201.7,349.78,215.26,280.02,297.53,235.79,196.71,154.77,224.18,238.15,207.07,106.24,188.42,251.72,174.15,262.4,292.8,288.16,39.64,141.54,62.73,218.76,310.29,262.08,297.45,369.87,321.41,299.58,231.82,215.35,197.16,378.28,299.99,211.6,505.45,293.88,284.33,338.27,346.28
2015-7,289.15,243.84,484.45,429.98,173.05,192.38,352.5,216.64,279.91,297.68,242.1,199.01,157.69,225.47,239.26,207.96,106.38,189.27,252.36,176.27,261.3,293.92,320.18,39.36,141.65,61.68,220.73,308.77,262.74,298.29,374.87,323.52,300.72,231.82,217.32,198.24,383.64,298.53,213.0,493.51,294.6,303.2,338.27,346.44
2015-8,292.84,247.9,488.26,431.36,165.29,185.14,355.12,217.69,280.81,297.74,242.92,199.78,158.04,227.74,240.56,207.4,106.82,189.8,253.75,176.9,256.74,295.1,355.48,40.15,142.81,62.95,222.16,312.07,268.75,299.97,387.48,327.61,302.29,231.82,227.16,201.53,391.31,306.05,214.04,509.09,297.36,319.28,338.27,346.56
2015-9,296.37,252.14,488.65,432.97,158.76,187.29,358.09,219.86,282.02,298.72,243.4,201.04,163.56,230.91,242.94,207.52,109.46,190.57,254.91,183.8,258.81,296.92,355.48,40.76,143.69,63.65,225.75,313.82,270.48,308.39,390.66,333.26,303.29,231.83,228.22,203.3,394.94,310.06,215.42,534.36,311.74,338.82,338.27,346.91
2015-10,298.65,253.61,488.16,432.97,177.93,204.95,360.65,221.89,283.98,301.42,247.73,204.81,166.45,233.25,245.44,208.37,109.56,191.41,257.29,187.45,260.93,300.78,319.93,40.49,144.24,64.71,230.03,320.58,271.95,314.97,372.95,336.6,306.48,234.21,229.52,206.69,398.82,304.12,217.01,540.11,316.11,364.88,338.27,347.43
2015-11,301.8,254.54,488.41,432.97,188.12,213.59,363.26,223.21,285.83,302.43,250.21,206.76,166.84,234.86,248.31,209.37,109.62,191.68,259.76,186.92,257.41,298.5,355.48,40.92,144.59,65.01,231.18,319.07,273.91,316.46,351.69,337.1,306.66,234.84,229.52,207.75,401.02,299.49,218.58,517.21,316.2,388.38,338.27,347.63
2015-12,305.74,255.53,488.72,432.97,183.31,213.34,364.9,224.72,288.43,302.92,249.68,207.5,168.33,236.32,251.59,211.73,109.56,192.21,260.07,185.87,254.74,298.58,355.48,40.18,144.59,64.8,232.12,319.08,272.49,317.03,352.3,337.44,306.67,234.84,229.52,207.78,402.68,298.25,219.76,517.05,316.41,400.97,338.27,347.68
2016-1,319.69,257.54,541.07,474.17,170.6,200.65,367.72,226.47,293.32,311.04,258.56,209.54,170.7,237.02,252.18,213.47,109.97,198.74,268.66,188.76,252.83,299.77,355.48,40.32,144.59,66.49,233.21,322.3,278.45,321.24,360.85,337.43,306.72,,229.52,208.96,406.6,304.03,221.99,533.53,318.04,423.08,361.58,376.68
2016-2,319.31,260.1,546.36,478.9,160.4,187.11,369.7,228.15,296.39,310.65,260.21,209.59,171.46,237.82,254.25,214.62,113.23,201.02,273.1,194.28,249.61,302.59,355.48,39.14,144.59,66.85,235.43,320.2,278.55,328.48,346.61,338.08,308.87,,229.52,207.07,410.31,303.23,222.99,554.44,319.38,438.77,386.86,376.82
2016-3,313.71,263.76,546.57,478.9,159.72,192.48,371.46,229.56,296.72,310.11,262.26,209.61,173.09,239.93,253.31,215.06,116.73,201.85,273.38,194.79,254.05,302.97,355.48,38.86,144.59,66.42,237.13,324.23,280.11,329.4,336.63,340.95,312.28,,229.52,205.83,413.29,303.37,223.91,565.61,320.78,449.65,386.86,378.18
2016-4,308.42,266.71,551.15,478.9,180.76,213.21,374.64,231.54,297.71,309.75,264.71,211.78,174.38,242.08,255.81,215.22,117.47,202.53,274.21,194.82,256.27,306.09,355.48,39.32,144.79,66.1,238.87,327.41,285.6,337.36,332.76,345.66,317.49,,229.52,205.8,415.36,303.54,225.13,558.73,320.94,464.23,386.86,378.26
2016-5,302.8,268.18,548.74,478.9,197.63,221.48,377.52,233.28,298.97,309.65,263.69,212.39,172.64,243.38,257.61,215.59,117.74,202.89,275.57,195.09,262.95,306.85,355.48,39.22,146.41,65.47,240.09,327.42,284.17,333.37,369.59,350.26,323.84,,229.52,207.28,417.84,302.88,225.62,579.21,320.09,467.61,386.86,378.36
2016-6,306.54,269.01,548.59,478.9,195.03,218.44,380.66,234.72,301.67,309.58,265.11,213.27,172.69,245.57,258.76,216.87,120.0,203.26,275.92,197.42,264.19,307.85,411.61,38.42,147.28,65.02,240.67,324.16,280.86,338.29,374.82,355.15,330.72,,229.52,206.31,421.08,297.31,226.96,579.59,323.07,462.42,386.86,378.44
2016-7,316.84,270.65,563.86,514.22,187.33,207.99,383.45,235.55,302.37,309.73,267.9,213.14,170.07,247.38,259.75,218.53,123.22,203.76,276.3,197.36,262.23,312.27,411.61,38.63,149.5,65.66,241.21,322.1,282.85,336.87,392.26,357.88,333.46,,229.52,207.89,426.59,298.63,228.12,603.58,325.28,469.28,401.51,378.51
2016-8,310.23,271.02,567.26,532.95,177.92,200.65,386.79,236.76,305.36,309.59,268.1,212.97,170.89,248.46,260.6,219.3,123.32,204.69,278.38,199.71,260.16,313.2,411.61,38.93,149.5,65.36,241.61,329.61,285.9,340.0,387.68,361.38,335.33,,245.56,211.57,430.16,300.74,228.88,610.13,329.43,467.48,401.51,378.54
2016-9,307.86,271.19,567.95,532.95,170.08,199.89,390.14,237.76,305.55,310.16,267.79,213.26,170.81,249.59,260.63,220.56,123.5,204.74,280.88,200.23,272.97,321.63,411.61,39.21,149.77,64.96,246.42,329.46,289.29,343.89,368.11,377.93,336.79,,247.27,213.89,433.19,301.76,229.67,608.31,343.68,465.64,401.51,378.88
2016-10,313.71,271.48,567.51,532.95,188.98,216.37,393.52,238.7,305.77,305.77,268.75,214.43,172.63,251.26,259.43,221.64,123.55,205.14,281.95,202.96,283.05,323.16,411.61,39.02,149.77,64.47,251.65,327.5,289.07,345.62,347.81,378.82,338.04,,247.69,215.29,435.94,305.58,231.05,609.24,346.68,467.08,401.51,379.06
2016-11,311.61,272.95,568.14,532.95,196.95,222.46,395.93,240.28,308.18,309.32,267.63,216.21,171.41,252.57,264.32,222.07,123.47,205.32,282.49,206.1,284.85,320.03,411.61,39.19,150.78,65.12,254.13,326.18,292.41,345.57,363.67,378.84,338.04,,247.69,216.91,438.6,303.71,233.28,627.06,347.4,464.04,416.73,379.22
2016-12,322.36,276.86,608.49,572.08,191.27,219.29,398.85,245.33,309.75,312.35,269.29,220.24,175.53,255.42,266.82,223.85,125.16,205.88,283.67,209.43,296.31,318.39,411.61,38.78,150.78,66.17,257.23,326.43,295.45,346.26,378.45,379.1,337.7,,247.69,217.11,440.92,302.82,236.16,623.98,348.47,466.28,437.19,379.32
2017-1,344.22,280.27,610.03,586.43,177.38,206.09,402.21,251.2,323.34,317.1,273.99,226.05,177.66,259.68,271.61,228.56,126.41,220.23,297.98,213.34,311.14,325.2,411.61,39.03,150.78,69.61,260.71,327.5,298.1,353.6,385.58,379.39,338.16,,247.69,216.89,445.69,305.08,240.28,675.23,350.54,472.08,454.99,401.03
2017-2,346.94,284.63,612.47,586.43,171.6,198.53,404.44,258.53,328.55,320.49,262.26,230.79,177.61,265.34,276.14,232.84,131.96,223.09,299.95,223.43,318.09,328.99,411.61,39.8,151.31,72.11,270.98,333.44,299.37,361.22,363.43,379.7,337.77,,247.69,217.29,450.33,303.6,244.99,683.35,351.96,474.91,469.02,401.24
2017-3,353.91,287.11,612.32,586.43,174.84,203.17,406.37,262.75,330.61,320.39,263.96,232.59,179.51,269.18,275.86,236.34,137.22,224.79,303.38,232.01,311.4,330.85,411.61,39.83,151.31,71.9,284.33,337.37,302.01,367.64,388.21,385.36,343.48,,247.69,217.68,453.59,305.19,247.49,684.33,355.0,472.51,469.02,402.91
2017-4,358.03,293.12,613.26,586.43,191.32,219.64,408.55,265.55,332.45,318.93,266.06,234.77,180.49,273.81,280.05,239.43,137.99,225.8,304.11,236.01,309.34,337.93,411.61,39.9,151.21,71.78,293.38,339.61,302.91,370.93,399.52,389.34,348.25,,247.69,217.46,458.22,306.8,250.93,701.29,354.81,442.45,469.02,403.17
2017-5,355.38,298.94,613.39,586.43,203.81,228.41,411.66,267.67,334.84,318.42,268.31,236.49,180.13,276.89,276.91,244.07,138.38,226.4,304.21,235.32,303.75,339.41,411.61,39.44,152.54,71.52,295.83,342.23,304.81,373.23,457.98,394.65,353.77,,247.69,218.05,462.57,307.99,252.36,681.37,355.45,413.05,469.02,403.21
2017-6,351.16,300.81,614.04,586.43,201.02,226.61,414.2,269.55,335.75,318.2,268.87,238.0,181.28,278.52,279.99,245.38,138.32,226.83,305.84,231.73,300.03,342.14,308.71,38.52,152.61,71.41,298.64,342.02,294.8,380.57,471.83,398.22,360.59,,247.69,222.3,468.06,307.55,254.57,683.21,358.8,409.71,471.68,403.26
2017-7,348.07,305.08,651.02,586.43,193.5,220.53,417.84,271.87,337.06,318.03,270.1,240.38,182.77,280.42,282.86,246.44,138.33,228.2,306.47,234.39,302.11,348.34,576.25,38.74,152.61,71.97,300.43,340.51,295.7,383.5,499.09,404.17,366.05,,247.69,225.26,476.25,312.92,257.02,677.38,360.73,407.73,483.49,403.41
2017-8,346.91,308.53,655.32,586.43,187.28,214.64,421.01,274.5,337.77,320.57,279.26,243.01,184.58,282.89,280.53,248.16,138.55,228.6,307.06,239.66,311.07,349.42,576.25,39.16,152.4,71.56,304.19,341.19,298.4,386.37,502.04,407.36,369.4,,266.76,226.85,480.6,318.88,257.71,688.25,363.9,408.89,517.3,403.44
2017-9,345.84,310.98,656.15,586.43,188.96,215.69,425.59,277.24,338.9,322.37,279.17,244.66,186.13,284.35,285.41,249.21,139.03,229.1,310.7,241.58,317.26,356.49,576.25,38.58,153.38,72.04,310.2,345.16,303.49,393.5,476.0,423.48,371.59,,271.29,230.85,484.03,329.42,260.67,701.56,378.79,407.65,517.3,403.56
2017-10,352.82,315.4,656.16,586.43,211.22,238.41,429.14,281.23,340.22,325.93,296.21,246.85,190.91,287.48,291.55,249.92,139.06,230.43,313.64,250.09,326.0,360.3,576.25,38.57,153.38,71.77,316.7,346.94,304.85,396.79,420.1,424.32,372.54,,271.29,235.59,487.82,329.85,261.58,716.99,380.27,409.51,517.3,403.59
2017-11,360.87,315.19,657.37,586.43,219.66,245.52,432.79,287.89,343.81,330.29,298.02,248.33,194.32,290.53,297.54,251.01,139.17,231.23,313.85,256.56,337.33,355.73,576.25,38.89,153.56,72.87,318.68,351.75,304.97,400.09,405.32,424.39,372.78,,271.29,236.78,490.43,329.5,262.77,750.66,380.56,413.27,517.3,403.87
2017-12,366.83,314.72,656.8,586.43,213.91,241.67,435.6,294.38,344.48,332.47,297.93,249.64,201.71,292.66,300.79,251.79,138.75,232.32,315.49,265.56,339.64,358.07,576.25,38.52,153.56,72.77,320.0,354.38,306.75,402.4,397.33,424.44,372.77,,271.29,237.3,493.28,328.49,266.01,739.11,380.87,412.22,517.3,403.99
2018-1,373.07,318.65,694.48,586.43,200.5,229.19,439.17,302.07,349.16,346.06,312.3,253.17,204.24,296.17,302.8,255.2,139.4,239.13,329.26,268.55,345.99,360.13,748.38,38.6,151.55,72.79,321.54,357.25,314.59,409.83,399.67,424.81,373.97,,271.29,239.57,498.83,329.19,269.28,755.22,383.96,443.35,530.76,453.98
2018-2,381.34,326.99,697.53,586.43,192.08,220.7,441.59,308.66,351.22,345.9,318.27,255.31,205.52,301.27,304.02,257.69,146.24,241.9,337.92,273.28,341.87,361.69,748.38,38.4,152.18,73.14,323.75,355.85,316.68,414.81,442.85,424.78,375.41,,271.29,241.49,503.77,331.49,272.17,760.58,387.18,445.73,553.14,454.48
2018-3,389.24,331.76,697.76,586.43,194.18,222.69,444.25,311.93,353.77,345.77,318.91,256.66,207.79,306.75,307.49,260.23,153.76,242.92,339.46,277.24,343.11,362.3,748.38,38.34,152.42,72.97,328.25,360.04,317.8,417.75,449.14,431.86,380.45,,271.29,242.58,507.06,338.15,272.35,773.02,389.72,450.87,570.75,457.06
2018-4,388.35,332.05,698.48,586.43,216.22,238.54,447.53,317.77,358.12,351.35,332.22,259.84,209.94,310.68,310.05,262.89,154.39,243.9,341.89,289.99,356.78,364.98,748.38,38.28,152.42,72.91,330.54,369.82,319.06,423.61,480.77,436.97,384.06,,271.29,243.6,512.22,345.06,277.61,806.15,391.52,450.13,585.6,456.99
2018-5,394.19,334.67,713.37,586.43,227.24,251.99,450.71,325.46,362.1,353.57,332.05,262.53,213.83,314.64,314.5,265.23,154.78,244.91,342.91,296.08,367.32,370.59,748.38,37.73,153.65,73.67,333.1,370.61,319.09,425.28,508.84,442.84,391.02,,271.29,245.47,519.41,351.16,280.09,845.52,393.4,453.44,585.6,457.09
2018-6,419.13,339.15,715.38,586.43,224.64,249.08,454.04,335.04,366.33,355.71,336.4,270.73,222.45,321.35,317.33,268.88,157.0,246.23,345.02,307.72,373.29,378.55,748.38,38.25,162.27,75.97,336.58,365.7,320.54,426.82,551.75,445.82,399.81,,271.29,244.5,528.78,355.73,284.23,869.56,397.7,459.51,591.05,457.57
2018-7,417.28,345.69,788.8,586.43,217.32,243.16,459.33,341.6,371.72,357.87,341.01,278.34,225.29,327.51,321.83,276.54,157.72,248.3,357.21,312.05,376.72,381.55,748.38,39.51,160.75,76.39,340.16,372.1,323.03,432.7,578.74,452.22,407.84,,271.29,244.78,540.26,365.75,288.32,864.54,399.6,466.59,609.29,457.85
2018-8,417.28,348.91,799.34,588.44,213.49,240.74,464.09,357.88,375.77,383.95,363.45,292.05,233.96,336.96,331.81,284.67,159.03,250.95,358.79,330.34,394.14,386.36,561.28,40.9,164.64,79.64,350.09,382.64,327.87,444.63,588.58,455.45,411.83,,271.29,251.23,547.64,385.14,294.48,986.99,402.25,478.04,609.29,458.35
2018-9,444.58,364.56,806.07,588.44,222.3,249.01,468.29,408.66,378.01,417.14,400.0,336.9,270.94,367.82,364.35,306.21,162.61,256.78,367.2,375.35,418.92,407.01,561.28,43.13,164.64,92.32,407.08,412.36,332.64,490.71,565.4,468.5,413.66,,296.86,259.07,573.58,404.25,318.22,1075.8,427.44,499.7,609.29,461.09
2018-10,458.98,375.5,823.97,588.44,252.34,274.03,472.13,430.03,383.8,447.97,398.24,352.05,286.22,388.64,393.27,321.68,165.08,260.17,373.93,364.56,424.66,404.3,561.28,43.24,168.81,94.45,434.62,433.76,338.97,509.13,550.39,469.36,413.72,,296.86,257.78,586.24,392.91,337.41,1032.55,432.75,525.54,609.29,461.97
2018-11,455.31,375.66,841.11,588.44,258.36,280.42,475.07,434.86,386.49,448.24,367.71,353.28,275.88,396.15,405.73,327.36,166.54,261.14,376.04,316.8,417.51,398.47,561.28,41.94,168.88,88.51,442.87,439.29,343.19,511.55,517.19,469.35,413.66,,296.86,258.29,590.88,384.7,344.87,971.17,433.84,520.74,609.29,462.44
2018-12,460.64,374.92,856.77,588.44,246.28,275.0,477.48,436.82,384.72,445.91,367.01,352.02,275.16,400.84,406.23,330.32,168.07,261.89,379.76,313.82,394.28,399.96,523.86,41.72,168.88,89.05,445.27,435.27,342.29,507.35,514.06,469.77,413.74,,296.86,258.02,593.14,383.98,347.64,982.16,433.92,520.01,609.29,462.73
2019-1,492.36,375.64,919.72,588.44,224.46,261.54,483.82,438.43,365.41,414.79,368.01,351.56,277.64,403.61,403.5,334.74,169.03,273.06,405.57,311.52,398.01,403.35,561.28,41.41,170.86,89.53,454.62,440.21,347.4,510.18,606.51,469.59,412.62,,296.86,262.55,599.32,388.91,351.95,1006.04,436.18,538.78,658.86,561.95
2019-2,497.04,376.45,931.2,588.44,211.52,257.03,486.57,438.95,358.65,415.13,368.93,351.54,277.79,404.66,409.34,333.38,178.98,275.93,408.21,311.41,406.83,401.3,523.86,40.46,171.25,88.52,458.92,448.4,348.46,514.73,582.0,484.24,422.06,,296.86,263.04,605.2,389.65,349.39,1002.49,440.28,543.82,673.69,562.13
2019-3,509.94,376.84,932.07,588.44,211.72,261.13,489.21,438.76,358.12,416.25,370.31,350.36,279.21,405.65,408.0,334.27,196.59,277.22,410.01,307.04,421.34,401.07,561.28,39.71,171.48,87.27,466.61,456.57,352.51,504.77,593.72,495.66,432.07,,296.86,263.15,609.2,392.35,348.81,1019.78,444.11,552.15,673.69,562.31
2019-4,517.38,378.55,932.36,632.26,223.56,273.27,492.19,441.17,359.51,416.66,391.89,359.1,285.32,402.95,413.48,334.62,196.62,279.24,412.99,310.25,427.63,404.72,561.28,39.14,171.49,87.78,471.61,460.02,351.66,507.28,624.71,506.6,439.2,,296.86,265.47,615.0,401.32,354.36,1050.87,447.7,557.48,673.69,567.4
2019-5,510.45,383.52,933.13,693.56,233.67,280.8,496.11,447.19,354.02,418.03,373.71,356.17,283.25,406.97,414.04,336.18,197.0,278.97,413.21,321.85,432.46,408.74,561.28,38.88,171.94,88.67,476.2,457.17,350.93,511.02,692.06,516.07,447.85,,296.86,268.91,625.19,406.72,354.97,1093.05,451.36,561.94,673.69,567.73
2019-6,501.0,388.73,936.35,693.67,229.92,276.74,500.36,450.76,346.65,419.07,373.73,357.66,285.29,408.88,416.93,340.51,197.33,281.31,415.75,325.18,426.48,420.76,561.28,38.84,172.8,87.13,477.6,439.87,353.17,513.29,719.82,526.25,457.24,,296.86,275.41,639.4,427.22,365.13,1107.57,455.84,564.18,673.69,567.92
2019-7,494.02,400.41,1015.36,694.34,222.15,269.44,506.03,453.17,344.48,447.38,412.72,359.99,292.72,411.77,418.3,342.97,197.62,282.11,417.21,358.13,426.13,425.23,561.28,39.67,173.65,87.48,479.04,457.67,355.54,517.66,745.75,532.53,462.5,,296.86,279.97,648.52,433.04,367.18,1116.6,462.42,568.07,681.48,567.9
2019-8,489.45,405.66,1018.8,839.04,219.51,267.13,511.22,456.02,347.02,463.8,413.56,360.64,293.9,410.82,420.84,342.46,198.46,283.44,419.82,348.48,414.84,430.34,748.37,39.34,174.01,87.04,489.99,461.69,360.42,521.85,744.83,539.03,470.43,,332.12,282.32,652.82,438.65,363.88,1156.65,468.96,573.21,714.95,568.0
2019-9,485.14,418.58,1019.54,855.18,224.25,272.63,515.8,457.97,348.49,482.99,414.53,361.12,298.83,414.89,422.12,344.64,198.53,284.8,425.97,345.8,422.36,458.61,748.37,39.34,173.86,86.47,506.82,464.85,367.47,527.19,691.99,542.21,472.69,,333.4,293.45,659.45,459.62,372.34,1179.87,499.89,581.09,714.95,568.4
2019-10,493.61,420.46,1019.92,855.18,252.15,298.31,519.41,460.74,351.11,518.35,424.96,357.13,299.82,417.55,426.95,345.69,198.99,286.04,429.49,348.34,430.51,461.96,748.37,38.39,178.12,85.25,514.12,459.85,371.91,536.84,658.67,541.94,472.72,,333.4,299.38,664.38,455.1,372.77,1184.83,502.47,582.21,734.13,568.57
2019-11,494.72,421.06,1020.34,855.18,258.45,308.09,522.62,462.03,351.13,519.81,425.16,359.26,304.78,417.96,424.12,346.9,199.4,286.89,430.03,348.83,434.9,459.6,748.37,37.75,179.74,83.83,519.85,472.45,372.7,542.72,650.2,541.94,472.72,,333.4,303.9,666.31,442.13,374.3,1163.88,503.54,578.58,734.13,568.66
2019-12,510.17,422.61,1020.27,855.18,253.09,303.8,525.49,463.24,350.19,520.47,425.78,358.81,304.29,417.96,426.77,348.68,199.68,288.43,432.68,352.18,436.45,460.07,748.37,37.63,180.54,83.86,522.13,468.55,373.93,542.01,646.86,542.41,473.29,,333.4,305.45,669.67,441.01,373.72,1181.41,504.3,574.0,734.13,568.88
2020-1,535.37,426.48,1016.07,855.18,235.24,287.23,531.47,464.17,371.08,521.29,398.99,360.59,307.95,421.71,425.93,351.01,199.96,304.99,459.85,354.12,441.79,463.54,748.37,37.33,180.39,83.92,522.53,472.37,384.08,543.02,686.07,548.13,478.22,,333.4,306.02,678.8,447.78,379.38,1238.21,509.43,593.34,756.55,682.86
2020-2,548.59,428.25,1013.75,843.13,223.33,275.3,535.78,465.16,375.11,521.81,397.86,362.04,307.53,422.13,419.55,351.74,205.64,310.31,466.39,353.58,436.32,467.19,648.11,36.73,180.72,83.4,518.79,458.36,387.22,544.59,697.02,555.19,484.68,,333.4,308.42,685.05,448.59,376.81,1279.86,512.03,586.35,778.35,683.29
2020-3,559.4,435.54,1020.15,843.13,224.46,278.25,538.69,467.08,374.64,522.36,401.76,362.86,308.38,427.62,424.28,353.02,216.81,313.94,476.94,359.25,408.32,467.88,748.37,36.54,180.86,84.57,518.33,475.89,386.29,547.55,698.82,562.11,489.83,,333.4,308.81,692.56,446.1,379.04,1314.77,512.48,585.26,52.91,688.64
2020-4,573.63,445.49,1024.12,843.13,237.15,276.96,540.94,469.88,368.52,518.26,415.44,364.96,306.38,426.09,426.92,356.02,218.67,314.59,480.45,371.05,374.66,468.11,748.37,35.32,179.71,84.88,513.88,479.73,386.41,520.34,698.82,565.21,492.75,,333.4,308.81,693.71,445.34,384.89,1461.06,512.48,581.18,52.91,688.68
2020-5,574.56,451.48,1025.29,849.01,255.43,288.63,543.35,471.91,366.55,520.74,418.25,368.78,313.73,427.33,429.41,358.51,218.68,315.85,481.22,380.98,393.39,476.73,561.28,37.12,180.58,86.09,514.52,487.46,386.5,525.77,698.82,568.46,494.64,,333.4,308.81,695.16,444.82,390.16,1512.95,512.48,579.32,52.91,688.77
2020-6,564.56,452.62,1025.51,856.79,256.58,298.47,546.49,476.69,372.95,522.88,418.36,376.75,321.54,437.11,433.85,361.33,219.15,321.11,484.68,395.43,411.18,503.64,648.11,39.57,182.26,87.74,516.22,504.75,387.82,555.56,720.2,586.99,510.06,,333.4,309.64,716.86,448.96,400.01,1507.56,522.66,578.26,52.91,688.89
2020-7,556.86,451.85,1062.57,856.98,245.69,295.13,551.94,481.76,382.14,524.87,437.78,377.73,329.79,440.94,439.08,363.04,220.07,324.06,490.27,404.73,430.67,499.08,648.11,40.96,184.52,88.19,523.55,509.62,389.27,558.09,761.83,602.61,523.49,,333.4,313.91,724.76,457.98,402.79,1589.18,532.71,569.73,52.91,689.03
2020-8,556.13,454.64,1090.03,857.4,239.94,290.93,556.85,490.32,392.4,526.18,444.38,380.36,334.24,445.5,442.44,366.27,220.76,327.04,500.29,410.3,441.41,501.09,648.11,41.3,185.33,88.8,526.87,506.05,394.44,564.66,782.44,607.31,526.68,,333.4,315.4,735.34,467.96,405.94,1777.28,543.4,570.36,52.91,689.22
2020-9,559.43,461.51,1092.51,857.65,240.7,287.89,560.79,506.63,396.72,528.24,458.22,384.85,353.49,452.75,450.18,368.96,221.61,330.86,505.04,426.84,445.56,498.14,748.37,41.01,186.4,90.93,532.66,508.26,402.77,572.06,755.22,586.6,507.93,,354.87,322.29,741.44,468.51,408.83,1781.83,570.0,583.18,52.91,689.42
2020-10,576.87,470.17,1091.01,857.65,259.44,298.99,565.45,523.54,397.63,545.31,478.05,391.6,359.42,460.28,458.71,373.88,222.61,334.1,511.98,439.53,455.34,498.43,748.37,40.94,187.03,93.21,535.7,499.92,404.71,573.61,726.6,584.99,505.79,,354.31,331.38,747.19,469.87,412.07,1846.83,591.82,589.71,52.91,689.5
2020-11,602.24,474.72,1091.62,857.65,262.83,304.78,569.47,545.85,398.9,548.76,487.37,403.02,362.47,468.01,469.23,381.12,224.57,336.08,517.83,481.33,462.47,498.11,748.37,40.99,187.26,96.87,544.98,518.43,407.17,577.9,716.89,583.1,503.84,,353.56,334.46,757.37,468.14,420.7,1858.25,595.34,594.11,52.91,689.91
2020-12,618.29,477.87,1089.14,857.65,253.91,297.0,573.13,556.66,401.69,550.33,502.88,409.07,384.09,472.34,474.01,390.75,226.78,337.81,523.49,499.86,474.05,499.89,700.04,40.91,189.34,97.73,555.38,510.99,407.63,580.94,713.87,583.1,503.84,,353.56,333.44,762.51,464.81,422.96,1800.26,595.48,599.32,52.91,721.36
2021-1,634.06,485.16,1203.82,857.65,242.31,286.21,580.19,566.53,430.42,568.38,533.14,416.86,390.48,477.94,482.11,397.92,228.49,356.27,561.78,500.92,482.72,511.64,748.37,41.27,189.57,98.29,558.81,532.73,411.24,584.61,714.12,582.65,503.21,,353.56,334.78,774.67,469.72,436.57,1760.74,601.56,614.25,59.17,763.31
2021-2,651.2,488.65,1224.5,857.78,239.48,286.22,585.08,574.65,432.95,569.33,535.66,418.69,390.97,485.43,477.12,398.23,240.17,363.42,572.91,503.36,485.39,513.11,648.11,40.85,191.64,97.5,563.91,494.78,415.21,587.94,714.52,589.53,510.25,,353.56,335.27,785.62,469.88,426.7,1689.42,603.82,597.84,60.49,763.8
2021-3,658.96,489.55,1228.37,857.91,243.61,291.06,588.44,589.09,433.88,572.34,543.0,422.75,389.49,489.05,471.9,400.93,261.13,368.15,579.01,505.77,481.71,514.5,748.37,40.45,194.17,97.86,568.91,541.84,419.75,590.95,716.63,614.25,530.67,,353.56,340.57,806.62,477.75,436.71,1730.96,611.0,589.39,60.49,773.15
2021-4,673.24,497.24,1227.54,864.69,263.91,304.74,591.93,616.64,435.26,575.44,523.62,432.28,390.84,500.05,505.88,407.98,262.23,370.87,581.25,523.13,481.37,516.1,748.37,40.65,193.14,101.13,583.74,555.53,417.23,598.53,721.69,631.05,548.63,,353.56,341.67,817.48,484.53,442.11,1820.12,613.38,581.26,60.49,773.52
2021-5,674.45,506.8,1225.05,864.69,270.28,302.49,596.17,630.41,436.71,578.68,532.82,436.03,388.89,504.71,503.98,412.74,262.64,372.4,582.84,530.18,496.57,542.13,748.37,40.32,195.07,100.37,584.91,529.86,417.53,583.55,731.85,637.72,552.6,,353.56,343.49,826.01,482.95,443.79,1917.1,614.55,585.38,60.49,773.84
2021-6,679.72,518.18,1223.5,864.69,277.86,304.82,600.78,669.06,438.31,581.37,563.0,448.37,412.96,517.15,504.39,423.46,263.55,375.36,592.18,537.71,520.3,555.43,748.37,40.51,195.67,103.72,606.75,553.35,440.55,610.12,766.3,661.6,568.33,,353.56,347.66,856.69,508.47,460.0,1964.17,620.81,596.46,60.48,774.79
2021-7,699.08,527.12,1227.82,864.69,271.83,298.76,606.68,698.29,441.97,644.76,540.02,456.5,420.77,529.93,527.98,425.45,263.45,377.29,597.85,539.91,532.62,556.12,748.37,40.54,195.92,104.55,616.33,549.52,451.32,617.88,792.2,676.29,579.57,,353.56,352.82,878.87,531.38,464.42,1935.45,628.76,589.86,60.47,775.29
2021-8,721.97,536.86,1259.64,864.69,263.09,291.25,613.76,716.74,445.45,646.97,543.89,460.11,426.86,536.72,523.22,435.89,263.61,378.8,601.15,525.08,539.5,558.25,748.37,40.66,198.06,104.73,632.42,562.93,456.5,626.28,800.42,682.05,584.5,,353.56,353.34,898.18,548.97,477.62,1904.36,642.22,592.12,60.47,775.65
2021-9,724.36,552.5,1267.63,864.69,262.17,292.98,621.66,735.41,468.55,660.08,585.35,465.96,435.8,545.59,533.51,441.8,263.99,381.08,607.06,526.75,538.81,573.9,748.37,40.93,198.86,105.43,666.85,565.21,464.03,642.0,765.5,686.65,588.12,,419.73,363.83,916.37,574.76,485.52,1919.37,686.64,596.56,60.47,776.12
2021-10,738.1,565.29,1267.68,920.39,282.21,314.13,628.6,762.78,470.66,683.9,590.66,476.42,454.07,553.67,560.53,447.69,265.54,382.76,614.49,527.76,572.72,572.98,1010.3,41.23,199.71,108.39,683.2,540.99,469.74,646.8,741.5,686.65,588.23,,419.73,370.75,935.0,608.43,488.7,2011.68,689.13,617.32,60.47,776.25
2021-11,767.61,581.02,1273.25,920.39,286.17,323.11,636.01,832.49,474.74,710.05,621.33,503.04,462.3,570.12,592.67,460.33,267.09,385.61,624.8,556.01,628.18,576.48,1010.3,41.48,200.84,109.52,708.1,576.21,475.84,668.1,732.82,686.65,588.23,,419.73,374.14,974.62,623.24,500.64,2268.75,690.49,651.79,60.47,809.42
2021-12,894.57,627.52,1287.44,1030.44,309.09,338.51,643.07,990.06,482.14,738.56,728.21,593.38,569.27,639.87,656.9,499.61,277.49,397.52,650.18,785.99,768.81,609.83,1010.3,47.53,201.27,129.59,775.84,650.96,484.52,747.19,736.58,686.65,588.27,,419.73,379.69,1073.68,656.99,552.84,2799.74,693.54,821.79,60.47,852.01
2022-1,993.94,675.7,1729.43,1247.78,306.05,348.0,660.79,1102.5,539.39,1003.84,816.96,645.43,661.22,696.19,702.59,560.77,289.83,457.2,737.18,796.83,923.13,712.76,1010.3,48.25,206.12,144.8,844.15,710.28,516.01,816.32,740.99,692.69,593.82,,419.73,402.81,1165.48,706.83,611.72,2831.5,736.12,888.2,66.77,997.14
2022-2,1078.58,721.59,1842.65,1247.78,305.23,356.86,675.49,1161.97,555.02,1000.38,880.5,677.98,714.78,740.7,736.81,590.99,327.84,470.26,772.96,797.25,1001.07,753.62,1197.39,49.49,208.61,145.78,941.62,722.74,535.89,854.94,746.63,735.01,625.42,,419.73,414.31,1223.38,713.62,662.14,2933.26,770.83,963.04,77.87,999.25
2022-3,1130.68,743.94,1839.49,1300.55,309.52,368.38,686.71,1216.25,572.69,1008.15,911.21,710.06,728.01,775.05,764.56,614.91,368.03,477.64,797.05,856.34,1199.0,825.01,1197.39,53.15,213.1,145.47,1061.1,763.88,548.78,891.47,766.57,804.62,687.02,,419.73,423.0,1299.83,743.89,688.48,3191.99,788.96,1004.47,77.87,1001.23
2022-4,1284.8,813.13,1862.28,1355.54,331.57,391.79,699.54,1282.31,654.16,1102.57,1017.74,744.56,753.95,816.59,796.1,600.8,368.87,482.6,825.54,891.52,1246.34,918.68,1197.39,54.67,219.2,144.43,1100.2,841.78,565.11,922.24,777.19,836.6,712.82,,419.73,436.69,1397.32,758.67,685.27,3256.99,802.21,1077.66,77.87,1020.53
2022-5,1302.24,864.7,1910.41,1447.92,349.02,400.65,715.5,1320.39,696.54,1110.93,1046.95,772.59,763.88,834.08,823.91,644.33,371.71,491.17,846.76,912.88,1292.17,965.86,1197.39,55.11,223.09,145.01,1190.5,894.48,581.85,967.66,1329.34,838.29,713.14,,419.73,451.92,1469.36,822.45,711.98,3320.87,824.5,1138.36,77.87,1022.91
2022-6,1320.75,976.14,2379.43,1463.83,349.03,404.22,737.75,1363.7,720.17,1269.72,1114.88,811.54,779.36,860.82,836.33,665.56,375.0,501.57,874.59,943.61,1528.2,1009.96,1197.39,57.78,230.15,144.94,1211.45,924.52,591.57,1003.05,1375.81,862.36,737.8,,419.73,462.35,1542.22,901.74,737.36,3475.75,848.15,1361.38,77.87,1024.24
2022-7,1359.64,1036.27,2386.76,1572.28,353.69,418.77,769.01,1384.45,753.99,1272.26,1151.07,837.82,816.01,877.85,850.12,698.22,428.01,522.16,893.36,984.48,1434.27,1060.61,1197.39,58.73,234.35,149.18,1225.88,971.7,617.82,1082.64,1388.17,864.27,741.31,,419.73,485.3,1580.67,923.6,759.17,3464.16,883.17,1451.24,77.87,1025.4
2022-8,1366.6,1095.11,2415.38,1572.28,358.1,424.64,802.85,1400.12,774.74,1283.09,1161.6,865.81,856.04,910.8,870.8,730.74,483.03,541.96,928.12,1009.22,1352.76,1062.3,1609.0,60.22,238.16,152.18,1275.43,992.43,647.46,1138.6,1391.16,877.65,753.18,,521.48,496.43,1632.76,955.11,789.45,3639.36,903.85,1500.68,77.87,1027.62
2022-9,1393.47,1117.46,2424.11,1572.54,362.71,433.7,846.58,1424.56,828.62,1482.95,1159.64,887.8,876.93,932.35,911.78,761.8,487.11,553.41,967.89,1013.81,1340.48,1136.18,1609.0,62.79,245.4,152.44,1356.82,996.19,665.02,1190.64,1437.73,892.49,763.2,,639.86,512.25,1676.13,959.8,824.69,3595.38,1010.98,1649.05,81.97,1029.34
2022-10,1466.74,1149.24,2477.0,1625.82,395.97,456.33,887.82,1444.05,888.01,1488.99,1173.39,930.39,935.13,968.8,956.22,803.42,490.93,564.3,998.37,1027.64,1380.1,1158.57,1609.0,64.33,251.93,156.84,1436.03,921.67,683.92,1259.64,1400.57,892.96,763.45,,641.26,526.8,1723.6,968.52,856.64,3606.94,1026.38,1698.73,81.97,1031.28
2022-11,1550.88,1216.9,2492.61,1680.91,387.73,461.56,917.36,1461.67,917.6,1500.0,1207.31,941.47,970.5,976.04,970.44,831.8,493.35,571.82,1011.47,1050.44,1396.96,1156.77,1609.0,64.98,259.39,156.97,1480.76,971.12,697.83,1286.3,1411.14,892.96,763.45,,641.26,540.14,1783.05,975.15,883.79,3698.47,1033.82,1741.02,81.97,1032.35
2022-12,1581.46,1220.21,2516.63,1680.91,382.95,453.38,945.76,1476.77,1013.2,1511.9,1268.26,966.45,1036.82,999.72,988.02,849.05,561.55,577.8,1033.18,1033.59,1290.59,1150.72,1609.0,66.0,261.89,160.16,1500.88,996.67,717.33,1328.82,1410.12,892.96,763.45,,641.26,550.47,1836.5,965.05,905.11,3810.45,1036.87,1808.02,81.97,1033.04
2023-1,1690.88,1248.98,2929.56,1860.8,376.21,450.19,1037.93,1516.42,1116.84,1482.18,1365.84,992.76,1108.0,1023.55,1012.42,881.6,643.34,679.12,1316.93,1071.56,1383.78,1268.46,1892.69,67.73,283.18,167.41,1535.8,1131.88,824.33,1372.46,1443.0,940.08,802.81,,641.26,624.07,2073.89,1071.82,940.91,3975.44,1168.15,1893.87,124.41,1762.51
2023-2,1818.73,1302.84,3110.4,1840.82,367.92,449.02,1065.53,1537.71,1122.07,1491.81,1406.1,990.25,1119.87,1044.21,1028.39,902.68,650.74,697.21,1348.35,1113.87,1409.43,1283.22,2226.41,67.23,286.48,167.2,1552.63,1114.95,841.3,1398.3,1474.44,1030.3,867.55,,641.26,651.83,2166.74,1077.3,959.45,3982.27,1244.13,1934.47,135.14,1767.08
2023-3,1889.31,1344.27,3128.21,1840.82,359.07,447.88,1117.68,1561.11,1144.21,1495.58,1468.59,1001.16,1137.84,1056.12,1045.22,934.47,678.54,706.14,1346.86,1128.48,1404.25,1296.24,2226.41,67.0,289.46,167.0,1562.6,1169.23,855.49,1441.87,1634.9,1130.69,949.13,,641.26,674.77,2259.58,1075.96,983.91,4044.7,1277.96,1945.46,135.14,1866.87
2023-4,1967.33,1359.44,3132.1,1840.82,372.87,464.55,1166.53,1583.73,1164.1,1392.96,1489.12,1019.78,1167.28,1085.28,1057.99,932.9,706.48,713.34,1391.29,1175.67,1408.59,1336.17,2226.41,68.08,312.7,169.74,1569.15,1176.3,878.95,1455.89,1799.62,1175.77,990.64,,641.26,698.52,2361.51,1093.72,992.96,4220.59,1293.64,1977.99,135.14,1868.92
2023-5,1980.42,1378.71,3223.77,1840.82,420.02,467.46,1226.59,1614.49,1172.02,892.07,1501.59,1038.31,1181.3,1079.16,1073.45,942.86,711.5,724.42,1450.92,1248.13,1370.85,1345.79,2226.41,67.38,322.02,172.85,1577.74,1208.13,912.6,1522.54,1926.83,1246.85,1058.72,,641.26,757.44,2526.6,1182.68,1003.8,4339.57,1333.71,2137.41,135.14,1870.65
2023-6,2035.39,1473.78,3238.41,2067.12,427.57,468.27,1297.74,1666.59,1184.88,896.76,1525.04,1073.52,1221.49,1097.15,1081.95,969.52,714.52,736.67,1471.41,1374.11,1487.6,1376.04,2226.41,71.75,330.98,178.5,1590.28,1201.69,935.64,1564.65,1962.41,1285.5,1075.04,,641.26,823.93,2621.5,1298.68,1027.11,4529.18,1418.32,2190.91,135.14,1874.58
2023-7,2189.08,1622.33,3644.66,2295.17,442.06,479.57,1397.23,1829.26,1256.32,920.25,1659.67,1196.0,1316.95,1168.86,1180.03,1071.36,808.55,831.5,1707.08,1593.81,1851.66,1514.09,2226.41,80.13,343.37,192.13,1631.59,1264.63,993.86,1656.09,2067.04,1310.64,1096.75,,641.26,922.24,2924.58,1496.26,1111.89,5089.15,1605.51,2335.61,135.14,1976.24
2023-8,2372.97,1777.94,3865.02,2376.58,476.8,526.37,1507.6,1945.74,1349.65,970.49,1755.09,1282.56,1440.57,1255.29,1281.24,1224.44,902.87,877.77,1833.82,1733.03,2241.87,1932.31,3348.97,82.16,360.86,203.11,1767.26,1346.31,1098.96,1796.39,2172.16,1333.52,1118.89,,641.26,1059.99,3139.52,1568.66,1226.82,5292.25,1758.16,2367.31,135.14,2015.42
2023-9,2448.59,1870.22,3854.36,2639.83,488.05,544.43,1651.08,2002.54,1409.25,994.9,1865.28,1306.94,1545.02,1291.38,1303.12,1265.66,917.52,907.03,1952.62,1738.81,2313.97,2226.61,3348.97,81.95,380.34,207.51,1828.41,1402.41,1152.61,1878.72,2390.98,1353.36,1143.38,,1460.3,1158.0,3269.45,1635.35,1265.19,5396.1,2159.23,2309.73,135.14,2145.32
2023-10,2523.75,1965.88,3897.81,2639.83,556.48,613.41,1781.61,2059.57,1520.89,1080.4,1884.97,1340.68,1573.78,1323.29,1368.69,1328.56,929.18,933.24,2036.7,1732.51,2293.56,2257.17,3348.97,81.58,395.89,213.31,1886.47,1356.54,1215.88,1918.34,2369.62,1354.59,1144.4,,1460.3,1182.2,3404.65,1600.43,1296.87,5552.8,2293.18,2304.39,135.14,2280.01
2023-11,2594.35,2014.3,3889.43,2904.41,555.37,608.95,1888.02,2095.5,1565.01,1370.0,1920.27,1367.85,1573.05,1331.51,1413.71,1411.23,935.4,951.09,2074.43,1745.49,2285.33,2260.34,3348.97,81.02,416.52,214.57,1932.49,1419.99,1239.42,1938.79,2447.39,1354.59,1144.4,,1466.3,1228.26,3504.2,1576.0,1334.6,5679.83,2320.61,2330.58,135.14,2283.5
2023-12,2723.09,2068.36,3896.28,2904.41,546.8,605.8,1972.63,2155.2,1621.74,1463.12,1962.13,1398.81,1670.81,1383.28,1466.09,1440.96,1034.07,962.33,2113.56,1768.2,2271.21,2214.5,3348.97,83.56,429.2,226.74,1920.23,1501.22,1304.6,1977.84,2697.38,1354.59,1144.4,,1466.3,1279.11,3615.4,1562.8,1360.8,5879.22,2337.21,2364.42,135.14,2286.97
2024-1,2868.26,2133.84,4809.4,3005.68,534.96,608.36,2198.76,2255.75,1701.12,1542.73,2164.5,1494.59,1789.24,1449.16,1550.19,1525.17,1154.69,1152.18,2592.58,1818.15,2494.19,2468.73,3877.85,87.05,439.3,244.69,1992.36,1611.42,1471.69,2167.67,2800.05,1401.62,1197.2,,1466.3,1379.48,4074.01,1676.1,1444.79,6104.46,2684.82,2747.0,223.11,3148.2
2024-2,3110.59,2248.09,5088.88,3005.68,533.65,619.19,2354.09,2336.2,1720.17,1552.73,2240.58,1561.3,1845.4,1504.25,1609.16,1550.67,1181.98,1201.77,2694.9,1832.17,2653.2,2524.28,4490.24,87.56,466.81,246.66,2103.08,1594.78,1522.18,2357.78,2974.76,1688.56,1457.95,,1466.3,1469.68,4312.1,1697.26,1505.51,6202.32,2913.33,2898.59,223.11,3163.89
2024-3,3220.4,2281.78,5080.27,3005.68,550.13,625.92,2503.01,2414.72,1746.43,1570.27,2353.26,1615.55,1893.78,1548.22,1632.56,1588.85,1197.25,1219.23,2736.49,1878.2,2696.34,2519.98,4490.24,90.79,497.79,253.38,2237.27,1719.91,1568.02,2442.84,3044.33,2044.47,1768.48,,1466.3,1493.23,4492.9,1721.27,1551.59,6612.6,2943.05,3017.27,223.11,3173.51
2024-4,3313.2,2310.18,5060.54,3322.1,573.78,660.79,2618.5,2485.91,1766.51,1532.26,2507.51,1653.19,1948.31,1600.85,1662.46,1655.03,1210.33,1234.65,2746.52,1903.23,2777.73,2682.32,4490.24,91.31,519.97,256.38,2280.74,1776.83,1644.35,2482.18,3038.02,2133.69,1840.16,,1466.3,1533.62,4708.07,1784.14,1600.26,6835.88,2965.23,3171.54,223.11,3363.52
2024-5,3364.58,2399.62,5228.8,3483.87,631.73,712.67,2761.59,2552.95,1762.49,1727.97,2551.74,1688.3,1973.1,1622.57,1717.4,1699.71,1215.58,1257.32,2851.81,1961.85,2752.32,2679.5,4490.24,89.76,531.78,248.69,2351.88,1792.94,1728.45,2568.73,3066.27,2304.99,1983.64,,1466.3,1603.15,4968.9,1878.4,1636.69,6809.88,3046.81,3295.58,223.11,3368.65
2024-6,3423.68,2448.95,5276.96,3483.87,629.04,704.7,2902.27,2582.05,1986.17,1736.65,2584.38,1702.35,1997.67,1659.51,1745.6,1742.19,1224.55,1275.16,2959.39,1943.18,2710.57,2800.76,6548.27,88.72,553.91,236.81,2374.02,1849.32,1758.82,2612.67,3080.99,2406.28,2066.98,,1466.3,1705.61,5114.28,1971.16,1673.33,6893.67,3117.62,3230.83,223.11,3373.63
2024-7,3481.51,2547.88,6186.77,3652.55,613.44,683.87,3106.51,2669.5,2055.54,1947.35,2543.79,1719.97,2040.19,1685.84,1827.3,1817.31,1237.14,1320.38,3200.26,1959.28,2920.0,2936.21,6548.27,86.9,584.18,243.07,2381.87,1849.37,1805.9,2707.16,3070.49,2445.44,2097.75,,1466.3,1765.49,5276.55,2070.9,1728.75,7034.55,3264.54,3446.02,223.11,3383.45
2024-8,3425.67,2710.57,6255.02,3827.57,613.47,694.86,3335.71,2726.16,2109.02,2205.54,2585.83,1736.76,2045.73,1725.71,1890.53,1836.94,1246.7,1344.26,3282.27,2000.42,2935.24,3206.23,6548.27,87.46,587.75,242.24,2444.96,1887.04,1887.76,2835.55,3056.1,2502.15,2137.66,,2099.73,1824.82,5377.31,2138.05,1759.2,7292.98,3364.52,3566.73,223.11,3395.09
2024-9,3513.74,2745.8,6197.95,4005.15,635.61,720.68,3589.99,2775.58,2145.04,2231.59,2586.18,1762.32,2128.33,1728.69,1925.14,1872.7,1255.28,1370.75,3332.12,2049.95,2923.65,3427.09,6548.27,84.02,589.71,244.43,2479.53,1938.63,1960.37,2893.6,3065.1,2539.16,2161.26,,3050.38,1921.93,5478.55,2383.09,1799.36,7452.61,4167.42,3662.16,223.11,3406.28
2024-10,3662.54,2899.01,6167.58,4005.15,736.54,783.89,3787.55,2805.25,2173.51,2255.9,2687.06,1807.87,2157.46,1758.99,1936.42,1879.32,1350.23,1387.07,3354.24,2019.22,2978.49,3357.13,6548.27,91.46,598.56,250.48,2502.46,1835.84,1989.14,2947.61,3075.41,2541.32,2163.08,,3050.38,1986.58,5576.97,2336.37,1817.01,7615.44,4275.01,3767.75,223.11,3613.57
2024-11,3861.92,2911.83,6135.59,4005.15,738.63,765.98,3945.87,2844.61,2189.92,2281.32,2704.05,1820.26,2246.6,1786.83,2023.35,1953.88,1446.2,1398.85,3380.86,2024.89,2986.61,3368.3,6548.27,93.18,609.85,258.53,2505.37,1945.77,2017.17,2983.1,3286.05,2541.32,2163.08,,3050.38,1988.77,5644.37,2259.06,1859.18,7495.63,4298.88,3887.77,223.11,3618.48
2024-12,3909.87,2970.47,6120.97,4005.15,740.37,733.84,4059.98,2890.91,2201.38,2297.45,2762.73,1834.93,2370.02,1803.89,2060.76,1972.02,1464.31,1406.77,3416.21,2025.5,3005.09,3266.5,6548.27,95.74,618.66,264.33,2517.04,1981.27,2030.34,3048.97,3316.54,2541.32,2163.08,,3050.38,2003.87,5730.56,2249.48,1892.28,7597.24,4315.02,4040.0,223.11,3626.9
2025-1,4059.18,3101.77,6902.51,4005.15,699.92,704.48,4411.61,3022.77,2648.19,2325.18,2965.46,1877.34,2448.43,1862.95,2074.49,2077.61,1514.86,1950.22,3964.34,2057.27,3184.0,3524.21,6548.27,96.38,636.14,271.2,2543.67,2078.36,2256.16,3105.16,3390.14,2841.81,2448.7,,3050.38,2116.24,6110.51,2366.43,1986.6,7713.56,4636.79,4366.13,321.98,4732.65
2025-2,4192.96,3142.19,6892.93,4005.15,656.3,701.33,4642.57,3121.82,2726.68,2436.52,2990.68,1937.04,2480.63,1889.96,2119.44,2135.06,1517.46,1780.8,4052.14,2090.96,3264.66,3781.65,6548.27,95.95,659.42,273.09,2574.37,1951.11,2320.65,3127.83,3364.77,3318.81,2834.64,,3050.38,2204.83,6315.35,2384.99,2047.32,8017.35,4850.14,4528.41,321.98,4743.58
2025-3,4407.12,3215.72,6949.38,4439.72,635.08,703.66,4800.06,3162.02,2787.41,2445.32,3064.59,2013.33,2543.08,1925.0,2213.14,2165.37,1537.31,1788.78,4077.54,2121.42,3228.66,3770.86,6548.27,95.9,663.06,271.5,2608.39,2127.21,2359.42,3174.93,3443.02,3549.32,3040.88,,3050.38,2263.38,6465.67,2380.4,2096.38,8177.61,4920.28,4495.27,321.98,4747.73
2025-4,4498.74,3246.25,6884.39,4440.4,680.89,731.39,4953.88,3270.09,2833.76,2658.13,3198.05,2051.69,2565.15,1971.98,2252.88,2243.23,1557.23,1800.11,4145.92,2217.96,3277.12,3987.63,6548.27,98.04,665.58,273.67,2634.43,2077.3,2438.54,3216.47,3505.95,3646.7,3150.62,,3050.38,2318.89,6688.87,2500.02,2155.24,8531.63,4989.48,4641.74,321.98,4755.3
2025-5,4456.22,3342.95,6921.97,4441.35,736.66,749.63,5107.42,3345.0,3035.95,2690.44,3220.95,2100.12,2610.55,1977.12,2293.6,2263.57,1567.14,1806.69,4166.93,2318.94,3308.14,4027.02,7483.74,96.06,664.57,274.45,2659.64,2176.8,2497.22,3272.46,3520.82,3705.31,3195.05,,3050.38,2390.22,6797.2,2600.0,2195.1,8682.88,5056.41,4738.82,321.98,4758.6
2025-6,4439.44,3388.55,6956.94,4446.25,733.17,753.6,5310.35,3392.15,3186.89,2686.92,3222.78,2111.84,2687.2,2008.04,2373.18,2335.79,1577.87,1818.73,4191.53,2340.62,3424.92,4188.46,7483.74,98.62,674.42,277.3,2688.49,2200.13,2559.92,3304.36,3515.9,3956.3,3394.55,,3050.38,2480.61,6920.61,2728.35,2234.07,8937.68,5149.57,4798.94,321.98,4762.11
2025-7,4432.92,3503.14,7776.23,4675.34,683.65,736.7,5558.99,3472.21,3242.48,2969.45,3262.52,2145.35,2721.89,2048.61,2375.22,2394.91,1595.73,1860.06,4460.88,2385.22,3609.92,4242.24,7483.74,99.57,712.7,279.03,2693.99,2276.53,2606.33,3439.46,3563.94,4103.44,3523.31,,3050.38,2540.07,7064.9,2831.91,2288.79,9045.13,5260.47,4944.2,321.98,4766.98
2025-8,4560.67,3677.58,7978.5,4972.92,676.34,741.11,5815.3,3543.78,3284.26,2987.48,3244.05,2173.84,2760.65,2060.84,2363.87,2427.48,1607.82,1878.96,4518.38,2406.73,3658.86,4384.98,7483.74,100.55,724.49,278.23,2693.9,2278.1,2682.68,3532.29,3596.97,4200.64,3598.63,,3105.32,2578.41,7198.75,2880.41,2302.45,9098.55,5415.79,4969.79,321.98,4773.33
2025-9,4772.77,3832.38,7950.54,4972.92,704.62,763.21,6070.7,3610.89,3336.32,2999.87,3263.06,2197.83,2838.39,2076.89,2433.21,2462.13,1611.19,1885.83,4568.14,2461.3,3708.67,4660.45,7483.74,102.9,730.31,283.36,2740.35,2227.01,2747.73,3587.75,3625.58,4343.38,3689.48,,5020.37,2642.14,7339.22,3158.79,2346.24,9362.59,6001.27,4871.41,321.98,4777.39
2025-10,4937.25,3944.09,7935.83,5104.92,799.27,829.89,6297.96,3662.53,3415.56,3042.76,3319.98,2232.68,2873.0,2099.57,2421.16,2507.56,1621.77,1897.85,4562.5,2483.66,3738.64,4744.59,7483.74,102.2,735.36,285.64,2753.22,2160.95,2811.6,3641.71,3694.11,4343.38,3689.48,,5020.37,2674.76,7463.11,3103.06,2346.89,9742.75,6095.08,4918.81,321.98,4780.29
2025-11,4900.19,3952.78,7903.36,5241.18,802.22,845.49,6455.01,3700.85,3472.29,3061.53,3351.93,2219.33,2893.98,2089.76,2490.76,2545.87,1643.24,1906.05,4584.12,2511.79,3843.03,4824.68,7483.74,100.35,746.49,293.18,2758.87,2306.51,2847.05,3681.9,4166.51,4343.38,3689.48,,5020.37,2798.67,7563.99,2998.84,2367.42,9857.19,6097.2,4950.43,321.98,4932.3
2025-12,4996.36,4045.37,7960.73,5241.18,780.3,813.87,6561.39,3777.07,3497.61,3094.35,3406.31,2225.32,2938.55,2099.78,2534.98,2599.72,1752.0,1911.88,4605.1,2513.07,3785.64,4696.16,7483.74,101.45,773.62,296.19,2756.69,2335.83,2856.71,3703.98,4219.29,4343.38,3689.48,,5020.37,2851.08,7697.23,2970.68,2402.01,10171.92,6102.52,4861.65,321.98,4936.27
