Tarih,TP_FG_J0,TP_FG_J01,TP_FG_J02,TP_FG_J03,TP_FG_J04,TP_FG_J05,TP_FG_J06,TP_FG_J07,TP_FG_J08,TP_FG_J09,TP_FG_J10,TP_FG_J11,TP_FG_J12
2003-1,94.77,93.6,89.83,95.24,96.79,95.77,91.91,94.61,96.09,97.31,92.9,93.36,98.77
2003-2,96.23,96.24,90.53,93.66,97.65,96.62,95.71,97.8,96.09,97.24,92.9,95.37,99.3
2003-3,98.12,100.96,90.55,93.28,98.29,97.07,98.83,99.02,98.38,97.61,92.91,96.03,99.7
2003-4,99.09,102.39,90.58,96.99,98.57,98.12,99.92,100.27,98.38,98.21,92.92,96.56,97.96
2003-5,100.04,103.37,90.61,100.37,99.69,99.02,100.63,100.88,98.15,98.27,92.96,97.43,98.35
2003-6,100.12,100.98,98.96,100.97,99.74,100.09,101.09,100.78,101.21,99.68,93.1,98.62,98.11
2003-7,99.93,99.1,103.79,99.45,100.24,100.32,102.46,101.47,100.95,101.02,93.17,99.34,97.59
2003-8,100.09,97.7,108.62,97.56,100.53,100.69,103.05,101.19,101.53,103.17,104.14,100.37,98.46
2003-9,101.44,98.84,108.67,100.58,101.36,102.03,103.53,101.4,102.22,103.7,111.13,103.78,100.52
2003-10,102.38,100.25,109.18,105.02,101.89,102.97,102.04,100.62,102.28,101.47,111.24,105.5,102.21
2003-11,103.68,102.81,109.31,108.59,102.37,104.0,100.38,100.86,102.35,101.04,111.28,106.24,104.11
2003-12,104.12,103.77,109.37,108.28,102.89,103.31,100.45,101.11,102.36,101.28,111.36,107.4,104.91
2004-1,104.81,104.83,109.43,105.25,103.59,104.29,102.28,102.29,103.16,101.39,111.55,110.1,106.0
2004-2,105.35,106.16,109.46,101.38,104.24,104.77,107.74,102.61,103.28,102.67,111.76,112.02,105.49
2004-3,106.36,107.82,120.35,99.62,104.64,104.25,104.93,103.37,102.9,103.77,111.8,113.17,106.05
2004-4,106.89,108.13,120.44,102.38,104.94,103.86,105.42,103.43,102.82,105.03,111.8,114.18,107.33
2004-5,107.35,106.61,120.47,107.67,105.82,103.73,105.8,104.52,103.07,107.43,111.82,114.9,108.92
2004-6,107.21,103.94,120.51,108.63,106.9,104.92,106.06,105.96,102.93,109.65,111.98,115.67,109.38
2004-7,107.72,104.23,120.53,104.57,108.66,105.41,107.22,107.77,102.95,112.85,112.26,116.62,109.83
2004-8,108.54,105.07,120.75,101.63,110.12,106.76,110.64,107.48,102.71,114.45,124.75,117.49,110.81
2004-9,109.57,105.6,121.44,103.72,111.17,107.31,110.98,108.42,102.7,113.23,130.75,120.09,113.06
2004-10,112.03,108.64,121.94,111.54,112.69,108.26,111.43,111.88,103.55,113.81,131.09,121.35,114.52
2004-11,113.5,110.11,121.95,116.56,113.79,108.93,111.94,115.28,103.84,111.39,131.19,122.27,115.68
2004-12,113.86,110.64,121.94,116.67,114.74,109.74,112.2,114.72,104.1,111.24,131.22,122.88,115.56
2005-1,114.49,111.95,121.95,110.77,115.51,111.4,112.84,117.99,103.99,113.37,130.87,124.44,114.34
2005-2,114.51,112.92,124.33,103.13,116.11,112.24,112.38,118.58,104.17,113.07,130.31,126.28,113.12
2005-3,114.81,113.03,124.53,99.69,117.37,112.15,113.38,119.42,104.43,111.89,130.18,129.26,114.66
2005-4,115.63,111.94,124.6,108.26,117.82,112.82,114.17,121.91,104.19,111.0,130.06,130.48,115.84
2005-5,116.69,111.95,124.6,117.82,117.47,113.48,114.27,122.12,105.05,115.51,130.53,131.7,115.9
2005-6,116.81,110.12,124.69,118.78,118.14,114.61,114.39,122.99,104.44,120.14,134.76,132.69,116.86
2005-7,116.14,108.85,127.15,109.93,119.17,114.26,112.81,124.14,104.27,121.39,135.98,133.97,115.85
2005-8,117.13,108.77,148.6,104.36,120.25,113.93,111.16,125.9,104.57,123.04,136.93,134.86,117.38
2005-9,118.33,110.23,148.6,105.56,122.41,112.33,111.36,128.12,105.13,119.68,140.37,137.06,119.31
2005-10,120.45,112.71,148.61,113.21,124.21,114.43,111.53,128.64,106.36,118.96,140.49,139.29,121.34
2005-11,122.14,116.39,148.62,117.21,125.51,115.4,111.65,127.58,106.14,118.05,140.69,140.57,122.47
2005-12,122.65,116.08,155.93,116.52,126.06,116.61,111.75,127.35,105.88,118.62,140.69,141.29,125.41
2006-1,123.57,117.61,163.19,109.24,127.66,117.01,112.47,129.29,107.99,117.78,140.73,142.75,127.85
2006-2,123.84,120.44,163.2,100.26,129.22,115.14,113.22,129.49,107.64,115.84,140.7,144.43,129.33
2006-3,124.18,122.0,163.44,97.33,130.0,114.65,113.64,129.67,106.82,114.88,140.91,145.56,129.59
2006-4,125.84,122.75,163.48,106.27,130.27,115.37,113.96,131.49,106.68,117.6,141.07,147.23,133.37
2006-5,128.2,123.63,163.48,117.83,130.92,115.89,116.81,133.5,107.31,120.78,141.47,150.47,140.14
2006-6,128.63,120.27,163.48,118.82,133.77,117.46,117.29,138.53,108.33,123.82,144.24,151.74,138.91
2006-7,129.72,121.97,163.5,110.58,136.12,120.77,116.2,142.5,108.53,125.35,145.8,152.82,142.21
2006-8,129.15,120.5,163.49,102.93,137.72,123.11,118.11,142.56,107.91,126.55,146.39,153.94,141.38
2006-9,130.81,123.95,163.77,105.42,139.12,125.11,120.14,140.05,107.8,127.39,151.74,156.9,139.99
2006-10,132.47,124.89,163.78,115.61,140.91,125.56,120.39,140.16,107.61,129.29,151.67,158.8,139.91
2006-11,134.18,128.28,163.8,121.16,142.74,124.96,120.59,139.77,107.45,126.89,151.51,159.93,141.04
2006-12,134.49,129.05,163.82,118.74,143.76,125.13,120.61,140.27,107.3,128.41,151.56,160.42,140.87
2007-1,135.84,134.78,163.83,108.73,145.46,125.25,121.41,140.23,109.14,128.43,151.56,162.23,141.97
2007-2,136.42,136.94,167.94,101.69,146.18,126.19,121.96,141.17,109.04,127.46,151.68,163.24,143.68
2007-3,137.67,137.79,180.06,101.41,146.77,128.43,122.29,142.88,108.5,126.98,151.53,164.59,144.39
2007-4,139.33,139.09,180.11,112.88,147.17,127.91,122.63,144.15,107.89,127.87,152.06,165.48,144.88
2007-5,140.03,136.78,180.13,125.69,147.72,130.28,122.73,144.31,107.63,125.59,152.68,166.9,143.87
2007-6,139.69,134.13,180.16,127.32,148.3,130.59,122.81,144.07,109.15,127.24,156.07,167.79,142.98
2007-7,138.67,133.18,180.22,117.5,149.12,130.89,122.93,144.03,107.61,127.55,157.19,168.6,142.67
2007-8,138.7,135.43,180.22,109.12,150.17,130.84,123.09,143.89,104.47,128.28,157.6,169.79,143.61
2007-9,140.13,138.53,180.26,110.89,151.62,129.22,123.19,144.77,103.95,127.37,161.19,171.6,144.74
2007-10,142.67,143.26,180.26,120.0,152.6,129.54,123.28,144.17,103.93,127.7,160.88,174.25,146.22
2007-11,145.45,144.05,191.99,125.16,158.72,130.1,122.45,147.77,103.87,127.34,160.68,176.84,148.92
2007-12,145.77,144.57,192.0,123.59,160.26,130.35,121.63,147.65,105.39,126.79,160.6,177.85,148.02
2008-1,146.94,147.21,191.98,110.96,167.09,131.15,121.84,149.62,106.46,125.46,160.64,179.62,151.88
2008-2,148.84,154.65,192.02,103.27,167.74,132.28,121.93,150.43,106.59,125.46,160.59,181.23,154.5
2008-3,150.27,156.26,192.42,105.13,168.36,133.76,122.03,152.21,107.05,127.09,161.22,183.42,157.89
2008-4,152.79,157.84,192.47,117.42,169.57,134.45,122.1,155.83,107.09,126.92,161.42,186.61,159.14
2008-5,155.07,158.24,192.48,131.5,170.26,137.28,122.17,158.27,107.05,128.93,162.89,189.71,157.84
2008-6,154.51,152.86,192.49,130.96,172.48,138.71,122.31,160.84,107.76,129.83,166.78,191.82,158.15
2008-7,155.4,153.53,192.6,120.48,181.69,140.07,122.43,160.33,108.74,130.39,168.22,193.61,159.61
2008-8,155.02,153.48,192.62,113.19,185.55,140.07,124.31,157.84,109.23,130.7,169.07,195.12,156.39
2008-9,155.72,153.87,192.64,113.77,186.84,140.55,124.35,158.11,110.73,130.72,172.52,197.13,156.68
2008-10,159.77,159.88,192.66,123.4,193.93,141.1,124.4,157.17,110.69,132.44,172.14,199.31,162.83
2008-11,161.1,161.01,192.61,126.65,197.97,143.03,124.47,155.04,110.88,134.84,172.5,201.29,162.86
2008-12,160.44,161.78,192.61,121.69,196.92,143.87,124.08,151.15,111.44,135.64,172.36,201.75,165.28
2009-1,160.9,164.15,192.63,111.67,198.29,143.45,124.26,152.46,112.33,138.13,172.35,203.32,170.62
2009-2,160.35,164.18,192.82,105.44,196.32,142.02,124.39,154.59,111.0,137.89,171.76,204.52,176.48
2009-3,162.12,170.6,206.12,105.51,196.08,139.97,124.41,151.52,110.38,137.66,171.94,205.55,178.82
2009-4,162.15,170.0,206.16,117.06,194.05,136.73,127.15,148.94,110.69,139.17,172.11,206.39,174.26
2009-5,163.19,170.32,206.24,130.48,190.34,136.47,127.37,150.12,110.88,138.78,173.31,207.22,174.87
2009-6,163.37,167.66,206.27,129.45,191.67,136.39,127.37,154.35,112.18,140.13,174.92,208.0,176.58
2009-7,163.78,166.59,228.73,121.74,192.3,137.61,127.44,155.25,112.37,143.72,176.54,208.87,178.15
2009-8,163.29,163.97,232.69,115.38,193.73,137.85,127.48,157.84,112.59,144.12,176.91,209.79,179.23
2009-9,163.93,164.32,232.7,114.21,194.96,138.11,127.57,158.15,112.72,147.5,181.33,211.59,182.08
2009-10,167.88,169.18,233.02,123.79,199.1,141.57,127.65,161.48,114.08,148.75,181.64,214.21,183.77
2009-11,170.01,172.92,232.99,129.42,200.48,140.53,127.67,163.5,114.11,148.31,181.79,215.15,187.08
2009-12,170.91,176.76,232.88,125.81,201.47,140.02,127.11,163.08,115.17,147.74,181.79,216.5,188.01
2010-1,174.07,179.55,284.2,115.49,204.52,141.02,126.97,168.84,114.89,147.34,181.91,218.9,188.44
2010-2,176.59,188.55,294.78,109.43,205.32,140.86,126.71,169.55,115.02,146.5,181.94,221.46,188.85
2010-3,177.62,189.72,294.82,110.19,205.73,140.23,126.76,170.79,118.63,147.51,182.59,223.64,190.17
2010-4,178.68,189.99,294.87,121.85,205.97,141.15,127.94,170.87,112.9,146.8,182.43,226.23,190.08
2010-5,178.04,181.66,294.84,135.45,206.77,141.36,127.91,170.82,111.39,146.12,183.53,228.27,193.82
2010-6,177.04,177.08,294.82,135.93,207.72,141.89,127.92,170.11,112.17,145.98,185.44,228.73,193.33
2010-7,176.19,175.78,294.85,128.87,208.3,142.77,128.25,170.95,112.05,145.4,187.08,229.51,189.45
2010-8,176.9,180.97,294.86,122.7,208.61,142.74,127.39,170.66,110.97,145.55,187.34,230.58,189.03
2010-9,179.07,189.51,291.62,119.99,209.3,143.42,127.6,170.86,108.92,146.8,189.52,232.29,191.35
2010-10,182.35,198.08,288.4,129.15,209.69,143.25,127.78,171.52,108.23,145.12,189.69,234.8,192.96
2010-11,182.4,194.34,290.17,134.15,210.91,144.12,127.79,172.3,108.58,143.95,189.43,236.84,194.43
2010-12,181.85,189.17,290.3,131.77,213.37,144.6,127.84,174.14,111.46,144.31,189.52,237.63,198.37
2011-1,182.6,192.22,290.3,121.54,214.61,146.08,128.2,176.65,112.81,144.2,189.59,239.44,201.09
2011-2,183.93,197.1,290.33,115.28,214.32,147.42,128.34,179.78,113.3,143.62,189.85,240.51,202.75
2011-3,184.7,196.3,290.43,116.17,215.14,148.8,128.53,182.6,113.68,144.28,190.41,241.55,205.12
2011-4,186.3,195.36,290.42,128.84,215.98,151.42,128.67,184.5,111.59,144.4,190.89,242.75,205.68
2011-5,190.81,204.57,290.39,143.89,217.15,151.82,128.81,185.67,111.07,145.83,193.06,244.71,208.7
2011-6,188.08,191.47,290.4,144.81,217.67,152.66,128.86,186.27,111.86,147.56,195.78,245.89,210.94
2011-7,187.31,189.22,290.42,137.8,217.79,153.08,127.93,187.72,112.07,148.94,197.2,247.39,214.04
2011-8,188.67,191.83,290.45,131.81,218.96,154.35,128.01,191.28,111.97,150.17,197.81,248.98,223.78
2011-9,190.09,193.73,290.77,127.54,220.34,155.77,128.05,194.95,112.17,150.82,201.35,251.72,229.99
2011-10,196.31,201.56,331.8,137.73,228.25,158.28,128.09,196.14,112.81,152.45,201.83,254.23,227.78
2011-11,199.7,208.16,344.03,145.43,229.64,160.1,128.38,195.07,113.82,152.47,201.97,255.81,231.64
2011-12,200.85,212.26,344.0,142.28,230.86,160.56,128.27,195.42,114.22,153.68,201.79,257.12,232.38
2012-1,201.98,214.65,344.08,131.07,233.9,163.1,128.39,199.44,114.21,154.95,201.69,259.06,236.55
2012-2,203.12,219.12,344.08,125.74,235.3,164.8,129.24,200.1,113.99,154.42,201.91,260.24,237.43
2012-3,203.96,218.39,344.07,127.08,236.84,166.3,129.64,202.4,113.62,154.81,202.26,262.23,239.03
2012-4,207.05,218.12,344.23,143.86,244.29,167.64,130.32,202.94,113.58,155.77,203.32,265.36,239.75
2012-5,206.61,212.89,344.7,156.23,244.39,166.84,130.45,200.18,113.35,156.29,205.55,267.79,240.31
2012-6,204.76,205.61,344.69,154.95,244.72,167.66,130.62,197.4,115.53,157.7,208.99,269.09,242.42
2012-7,204.29,206.36,344.69,148.16,243.22,166.87,130.65,198.13,116.21,156.72,211.26,270.56,243.5
2012-8,205.43,209.37,344.68,141.35,244.88,168.06,130.32,201.29,116.05,157.68,213.27,272.23,244.69
2012-9,207.55,213.86,345.67,137.64,246.9,168.47,130.39,204.61,117.84,157.82,210.73,276.25,250.22
2012-10,211.62,217.42,347.32,147.02,255.07,169.31,130.44,208.82,119.37,157.5,211.31,278.11,252.16
2012-11,212.42,217.16,347.36,156.25,256.49,169.66,130.38,206.79,119.49,157.0,211.46,279.96,252.26
2012-12,213.23,220.53,347.38,153.91,257.11,170.02,130.43,206.24,120.96,156.73,211.5,281.06,252.51
2013-1,216.74,229.35,396.91,143.22,258.91,171.86,131.08,207.28,120.93,157.1,211.72,283.73,256.83
2013-2,217.39,231.38,400.2,134.11,259.55,173.6,131.64,210.65,121.15,156.11,212.43,285.13,256.38
2013-3,218.83,236.09,400.18,135.26,260.14,173.76,132.27,210.55,121.17,156.62,212.62,286.89,257.12
2013-4,219.75,233.02,400.16,152.5,260.56,174.53,132.7,209.22,121.36,157.73,213.91,289.15,254.84
2013-5,220.07,227.94,400.17,165.99,260.46,174.15,132.88,209.5,121.84,158.45,217.61,291.31,253.89
2013-6,221.75,232.09,400.14,163.1,261.19,174.51,133.07,212.63,121.92,160.75,221.93,293.13,254.01
2013-7,222.44,232.61,399.8,155.46,262.35,174.76,133.67,217.48,123.07,161.18,223.73,294.84,253.16
2013-8,222.21,230.82,399.86,149.84,263.24,174.74,134.18,219.01,122.98,161.89,226.4,297.09,256.3
2013-9,223.91,232.52,399.92,146.43,265.05,176.08,134.39,223.36,123.08,162.46,232.1,301.48,258.72
2013-10,227.94,241.62,396.99,160.43,266.0,178.86,134.66,224.11,123.08,163.47,232.74,304.32,257.65
2013-11,227.96,238.38,394.43,165.68,267.16,179.79,135.69,223.92,122.57,164.53,232.74,306.28,258.18
2013-12,229.01,241.85,383.94,161.41,269.55,180.13,136.75,226.39,122.41,164.85,232.76,308.77,258.16
2014-1,233.54,254.32,412.55,149.16,270.87,182.93,139.3,232.06,121.68,166.92,232.89,314.1,264.44
2014-2,234.54,254.64,412.65,141.61,272.11,185.36,140.36,237.37,121.91,167.97,233.39,318.55,267.45
2014-3,237.18,259.98,412.57,145.13,272.73,187.03,141.56,239.47,122.24,169.11,233.84,322.79,270.66
2014-4,240.37,263.67,412.67,164.14,273.39,189.96,142.87,238.17,122.4,169.26,236.1,325.23,270.4
2014-5,241.32,260.11,412.05,179.22,274.37,189.66,144.27,236.97,122.26,169.61,238.43,328.83,271.73
2014-6,242.07,261.04,411.81,176.98,275.02,190.54,145.69,238.16,122.36,170.28,242.53,331.87,273.63
2014-7,243.17,261.82,420.02,171.18,276.55,190.99,146.13,239.85,124.69,175.34,243.97,335.34,275.35
2014-8,243.4,264.14,418.09,162.76,277.42,191.58,146.37,239.7,124.86,176.38,245.79,340.85,277.15
2014-9,243.74,264.95,413.42,158.79,278.79,192.36,146.98,239.97,124.8,176.5,250.17,344.98,279.14
2014-10,248.37,271.97,413.41,174.59,286.99,192.75,148.01,239.53,124.68,176.55,251.47,347.96,281.21
2014-11,248.82,272.63,413.42,181.76,287.58,194.41,148.35,235.25,124.52,174.22,252.09,350.15,280.94
2014-12,247.72,272.64,413.37,175.02,287.95,194.64,148.54,231.07,124.38,174.21,252.11,351.95,283.15
2015-1,250.45,282.23,430.69,162.8,291.19,198.56,150.76,229.77,125.55,177.07,252.16,355.13,290.28
2015-2,252.24,289.53,428.79,152.09,292.52,199.02,151.99,233.84,126.73,178.1,251.97,358.89,292.0
2015-3,255.23,296.69,428.76,153.7,294.63,200.15,153.49,235.96,126.69,180.28,252.48,363.99,293.51
2015-4,259.39,301.53,428.83,172.6,295.84,202.85,153.94,236.94,126.34,182.39,254.71,368.6,297.16
2015-5,260.85,293.44,428.86,189.96,297.19,204.51,154.31,241.11,126.14,184.36,255.87,373.02,298.32
2015-6,259.51,285.26,428.83,187.45,298.09,204.32,155.13,241.08,126.19,189.23,257.66,377.07,300.69
2015-7,259.74,286.05,433.8,178.13,299.08,207.59,155.62,242.06,126.18,188.88,258.97,381.63,300.98
2015-8,260.78,289.79,435.34,170.44,300.13,208.06,156.2,241.13,127.4,192.59,262.61,389.47,304.61
2015-9,263.11,293.38,436.87,165.74,301.88,210.48,157.89,245.78,128.32,194.82,264.93,393.24,310.49
2015-10,267.2,295.6,436.83,184.69,304.33,213.41,158.54,249.21,128.64,195.73,267.65,395.88,313.76
2015-11,268.98,298.57,436.85,194.6,305.97,214.82,158.96,247.27,129.09,194.67,268.11,397.2,312.89
2015-12,269.54,302.27,436.87,190.75,307.28,215.96,159.18,245.87,128.81,194.34,268.22,398.51,314.29
2016-1,274.44,315.22,478.81,177.96,312.53,219.9,163.03,246.71,128.87,198.4,268.44,402.81,322.82
2016-2,274.38,315.1,483.58,167.0,313.65,220.99,165.97,248.61,128.33,198.14,268.74,405.97,327.04
2016-3,274.27,310.29,483.59,167.58,314.16,222.35,167.97,250.57,128.2,197.58,270.01,408.61,329.88
2016-4,276.42,305.7,483.88,188.69,315.33,223.91,168.68,252.13,128.57,199.09,272.37,410.45,330.59
2016-5,278.02,300.69,483.73,203.87,316.53,223.29,169.1,254.9,129.75,200.9,275.21,412.54,333.72
2016-6,279.33,304.18,483.72,201.16,318.01,224.24,170.35,256.62,130.06,200.52,277.82,414.58,334.75
2016-7,282.58,313.76,517.8,192.84,319.08,224.63,172.09,256.9,131.85,202.69,279.41,419.63,339.14
2016-8,281.76,307.73,535.59,183.8,320.59,225.22,172.75,257.38,131.99,203.43,286.71,423.08,340.68
2016-9,282.27,305.58,535.63,177.39,321.92,225.48,173.12,264.32,132.32,202.55,292.4,425.9,341.64
2016-10,286.33,310.96,535.6,195.9,321.16,226.82,173.43,269.61,132.24,200.46,293.3,428.88,343.07
2016-11,287.81,309.17,535.64,203.53,323.94,226.54,173.52,270.94,133.08,202.97,293.59,430.96,347.05
2016-12,292.54,319.35,574.89,198.34,327.01,229.43,174.67,276.27,132.9,205.86,293.62,432.87,349.12
2017-1,299.74,339.7,588.45,184.48,332.97,233.45,182.81,285.22,133.05,210.77,293.76,437.38,363.95
2017-2,302.17,342.57,588.6,178.3,336.91,231.88,186.77,293.25,133.92,212.65,293.81,441.13,368.96
2017-3,305.24,349.18,588.59,181.85,338.37,234.2,190.28,294.89,133.93,215.95,296.58,444.22,371.14
2017-4,309.23,353.47,588.65,198.45,339.09,236.41,191.14,297.37,133.9,217.45,298.63,448.49,375.83
2017-5,310.61,351.53,588.66,210.3,340.46,238.24,191.58,295.21,134.58,222.71,301.31,452.46,372.42
2017-6,309.78,347.81,588.7,207.68,341.51,239.39,191.91,292.73,134.05,222.4,304.47,457.12,374.37
2017-7,310.24,345.34,591.0,200.39,343.02,240.89,192.55,296.04,134.22,225.43,307.66,465.12,375.11
2017-8,311.85,344.57,591.27,194.19,345.46,244.89,192.89,302.11,134.33,226.19,316.25,469.91,377.78
2017-9,313.88,343.79,591.32,195.75,348.08,245.97,193.72,306.87,134.68,226.55,322.84,474.68,382.85
2017-10,320.4,350.57,591.32,218.28,351.34,253.24,194.61,314.89,134.67,222.59,324.03,478.02,386.41
2017-11,325.18,357.95,591.4,226.52,355.72,255.64,195.01,321.23,135.0,223.06,324.3,480.22,393.53
2017-12,327.41,363.38,591.36,221.1,358.47,258.65,195.46,326.65,134.77,223.11,324.39,482.5,393.72
2018-1,330.75,369.45,593.67,207.78,366.86,264.95,200.19,330.9,133.44,225.92,325.12,487.35,405.36
2018-2,333.17,377.74,593.86,199.29,368.78,268.2,205.33,331.92,133.74,230.18,325.77,492.0,408.69
2018-3,336.48,385.4,593.87,201.38,370.39,270.3,209.23,334.43,133.87,231.36,328.83,496.07,411.49
2018-4,342.78,384.6,593.92,222.32,375.15,276.01,210.19,346.28,133.82,235.23,331.06,501.78,421.03
2018-5,348.34,390.19,594.83,233.91,378.73,278.42,210.91,354.31,134.28,238.15,334.48,509.07,429.7
2018-6,357.44,413.51,594.96,231.23,382.64,284.66,212.69,363.74,140.67,243.29,337.33,517.92,437.23
2018-7,359.41,412.35,599.46,224.14,386.86,289.85,215.24,367.71,140.51,247.22,340.92,529.6,439.78
2018-8,367.66,412.61,602.0,220.58,401.77,303.08,217.13,384.08,144.2,253.68,343.62,539.58,465.52
2018-9,390.84,439.01,602.41,229.34,424.11,337.67,222.13,419.21,145.8,270.47,357.3,565.3,500.05
2018-10,401.27,453.16,603.51,258.56,441.7,349.28,225.41,415.66,148.79,276.06,357.32,573.91,508.11
2018-11,395.48,449.8,604.56,264.7,443.79,339.32,226.7,388.79,147.9,270.31,357.38,576.29,503.21
2018-12,393.88,454.64,605.52,253.89,443.54,339.77,228.1,378.82,147.74,269.64,357.45,578.07,507.12
2019-1,398.07,483.87,609.26,233.7,429.81,341.98,236.21,379.59,148.84,278.22,357.71,584.28,525.48
2019-2,398.71,488.24,609.94,222.45,429.84,342.2,242.06,382.29,148.34,277.2,363.56,589.39,523.44
2019-3,402.81,500.14,609.99,223.47,430.98,343.23,250.48,385.14,147.91,277.82,368.84,593.31,526.48
2019-4,409.63,507.12,651.31,235.45,432.57,352.31,251.7,389.74,147.47,280.7,373.49,600.02,536.67
2019-5,413.52,501.16,709.14,245.08,434.32,346.74,251.77,398.25,147.56,285.93,378.42,609.71,544.63
2019-6,413.63,492.9,709.43,241.24,435.43,348.73,253.21,400.11,148.12,285.82,384.11,625.87,554.76
2019-7,419.24,487.44,714.76,233.52,448.94,363.5,253.84,417.97,149.35,290.4,387.55,634.74,558.23
2019-8,422.84,483.68,851.35,230.94,458.1,364.09,255.07,409.88,149.35,291.92,404.05,639.51,563.18
2019-9,427.04,480.79,866.61,235.87,467.95,366.9,256.37,416.46,149.25,290.38,407.32,649.38,574.97
2019-10,435.59,488.73,866.63,263.47,484.55,370.44,257.5,421.32,151.38,288.68,408.07,652.6,576.33
2019-11,437.25,489.8,866.66,270.55,486.29,372.62,258.1,422.69,151.97,288.92,408.68,651.59,573.8
2019-12,440.5,504.14,866.65,265.38,487.44,373.05,259.18,425.08,152.41,288.59,409.15,654.18,576.22
2020-1,446.45,527.59,866.45,247.73,493.27,367.66,269.45,428.76,152.03,293.97,411.75,663.25,604.36
2020-2,448.02,539.88,854.81,235.76,495.65,367.37,274.93,427.15,151.7,293.85,415.3,668.69,609.5
2020-3,450.58,550.42,855.12,237.29,496.96,369.64,282.56,419.0,151.63,296.48,418.17,674.5,617.08
2020-4,454.43,564.32,855.31,246.98,495.39,373.66,284.06,411.33,149.76,294.49,419.61,675.32,645.84
2020-5,460.62,565.68,860.99,263.9,497.06,377.94,284.68,424.9,151.96,296.62,420.78,676.43,658.26
2020-6,465.84,556.61,868.44,266.95,500.54,382.69,287.51,443.98,155.29,303.89,428.92,695.55,664.62
2020-7,468.56,549.48,870.4,257.67,505.21,391.78,289.81,454.8,158.03,307.94,436.37,704.05,680.51
2020-8,472.61,549.04,872.12,252.23,510.03,396.51,292.52,461.9,158.87,311.23,438.38,715.0,715.18
2020-9,477.21,552.66,872.47,252.16,514.76,408.5,295.06,470.38,159.31,313.97,438.08,720.26,719.71
2020-10,487.38,569.4,872.4,269.32,525.13,418.52,297.67,479.98,159.67,313.69,438.1,725.37,734.26
2020-11,498.58,593.07,872.43,273.24,530.64,425.61,300.04,501.61,159.86,318.5,437.27,733.6,742.61
2020-12,504.81,608.06,872.31,264.54,534.18,440.35,302.38,514.86,161.14,318.72,437.14,737.25,738.27
2021-1,513.3,623.16,878.17,252.97,550.29,453.13,315.24,520.65,161.64,322.63,437.0,748.72,752.59
2021-2,517.96,639.2,879.35,250.63,553.6,454.58,324.71,523.15,162.55,319.48,440.77,758.58,735.14
2021-3,523.53,646.41,879.67,254.93,557.45,457.03,336.72,523.13,163.78,325.91,452.99,778.33,749.69
2021-4,532.32,660.16,886.09,274.23,562.76,456.88,338.61,531.9,163.32,330.79,462.46,788.85,763.86
2021-5,537.05,662.08,885.96,279.07,567.03,460.3,339.62,545.51,164.23,326.42,465.25,796.33,776.23
2021-6,547.48,667.88,885.88,285.77,573.7,481.01,342.32,560.71,164.81,340.98,475.51,826.76,797.18
2021-7,557.36,686.41,886.1,279.67,602.77,480.72,343.74,566.77,165.0,345.42,482.69,849.27,798.23
2021-8,563.6,708.25,887.73,271.06,608.49,487.34,344.82,562.42,166.48,349.33,485.51,868.59,807.87
2021-9,570.66,711.76,888.14,270.62,622.72,503.56,346.61,565.44,167.26,353.05,510.5,887.83,819.88
2021-10,584.32,725.45,941.17,291.07,636.97,514.9,348.85,579.17,168.11,354.85,511.38,908.36,834.22
2021-11,604.84,753.88,941.45,296.01,656.84,532.59,351.91,615.69,169.08,362.97,511.79,945.62,878.92
2021-12,686.95,874.42,1046.98,317.78,686.8,620.66,364.42,791.13,175.25,399.87,512.48,1038.39,999.42
2022-1,763.23,969.71,1276.31,317.02,816.66,700.24,405.48,879.32,179.03,434.95,518.57,1126.11,1080.25
2022-2,799.93,1051.29,1281.95,317.97,828.85,749.27,431.4,919.45,181.88,446.78,538.78,1177.29,1145.22
2022-3,843.64,1101.0,1332.12,323.64,844.12,773.57,454.39,1041.68,188.48,459.21,574.08,1248.45,1201.16
2022-4,904.79,1248.33,1385.71,346.17,906.81,811.62,460.35,1094.98,193.88,473.95,590.69,1335.19,1212.39
2022-5,931.76,1268.74,1476.21,362.23,927.17,838.1,467.78,1132.57,196.77,503.09,593.12,1408.17,1249.45
2022-6,977.9,1295.25,1514.77,362.89,1004.5,871.32,476.98,1252.47,203.94,513.25,607.51,1484.48,1304.72
2022-7,1001.03,1336.07,1618.58,369.42,1024.47,905.43,510.26,1241.84,207.56,536.34,612.13,1521.38,1331.59
2022-8,1015.65,1347.48,1620.0,374.15,1045.5,935.78,546.03,1219.74,211.52,554.23,652.23,1571.7,1383.0
2022-9,1046.89,1374.05,1620.68,379.63,1149.98,955.13,557.49,1230.73,218.71,566.04,697.79,1609.96,1427.08
2022-10,1084.0,1443.99,1674.14,411.28,1179.49,997.0,567.45,1257.64,224.39,573.24,700.33,1652.46,1462.34
2022-11,1115.26,1526.98,1727.47,405.43,1201.03,1027.0,573.25,1274.65,229.73,585.15,702.09,1704.95,1500.57
2022-12,1128.45,1555.31,1728.66,399.98,1235.1,1073.84,607.14,1221.87,232.35,599.62,703.46,1749.45,1536.72
2023-1,1203.48,1658.23,1922.07,393.88,1275.95,1133.71,718.58,1298.68,246.83,651.77,734.81,1972.21,1694.5
2023-2,1241.33,1780.2,1913.86,386.93,1292.22,1154.73,733.72,1332.38,248.16,657.84,776.63,2052.51,1722.54
2023-3,1269.75,1848.51,1914.9,379.52,1317.8,1186.24,748.28,1340.79,249.61,676.66,825.57,2131.51,1768.7
2023-4,1300.04,1921.46,1915.13,394.01,1298.41,1204.43,767.02,1374.88,264.41,693.78,851.01,2221.87,1793.74
2023-5,1300.6,1935.1,1920.5,432.83,1119.36,1216.35,780.86,1400.79,268.96,718.88,894.78,2379.55,1825.27
2023-6,1351.59,1993.6,2134.25,439.11,1152.79,1248.05,790.29,1512.3,279.47,734.15,915.55,2482.39,1872.13
2023-7,1479.84,2147.27,2372.57,453.1,1222.27,1359.26,897.81,1780.8,296.86,779.22,940.04,2778.32,2034.78
2023-8,1614.31,2329.27,2462.06,490.5,1306.51,1486.5,969.45,2076.51,309.57,840.61,969.31,2975.44,2188.36
2023-9,1691.04,2406.5,2709.08,503.18,1381.78,1564.03,1002.32,2166.85,320.61,879.82,1262.74,3098.92,2274.48
2023-10,1749.11,2483.58,2711.63,572.29,1485.92,1604.74,1028.8,2162.97,329.18,899.73,1266.39,3207.76,2344.59
2023-11,1806.5,2552.51,2960.04,570.51,1651.9,1641.76,1044.07,2167.41,340.46,918.23,1274.22,3288.15,2397.55
2023-12,1859.38,2675.31,2960.44,562.93,1733.98,1701.63,1090.39,2164.4,350.9,966.93,1280.69,3380.6,2442.95
2024-1,1984.02,2814.14,3106.06,553.89,1862.79,1826.36,1283.18,2305.71,361.37,1054.67,1321.25,3792.03,2693.38
2024-2,2073.88,3046.31,3121.3,555.0,1926.26,1881.27,1329.88,2371.38,376.94,1088.33,1489.88,3997.92,2788.08
2024-3,2139.47,3149.99,3120.83,569.66,1992.11,1942.12,1348.8,2412.34,398.23,1128.98,1684.75,4155.88,2878.32
2024-4,2207.5,3237.61,3419.12,595.75,2019.68,2021.99,1362.75,2480.11,410.9,1158.56,1734.87,4350.91,2979.73
2024-5,2281.85,3292.35,3581.35,652.93,2162.66,2059.75,1387.35,2508.8,415.03,1178.88,1832.52,4591.01,3028.08
2024-6,2319.29,3350.79,3583.98,649.16,2244.67,2093.22,1410.77,2505.46,425.56,1181.99,1896.16,4733.07,3075.26
2024-7,2394.1,3412.26,3793.2,632.39,2425.99,2128.29,1463.58,2601.15,439.23,1206.4,1922.36,4890.87,3165.67
2024-8,2453.34,3374.74,3962.5,634.61,2632.54,2151.64,1488.04,2677.78,441.96,1237.44,2140.36,4989.92,3231.36
2024-9,2526.16,3458.59,4127.41,657.67,2734.12,2194.21,1510.48,2743.25,438.07,1266.56,2444.56,5125.8,3336.37
2024-10,2598.91,3608.18,4125.76,751.82,2814.23,2234.07,1553.97,2728.32,453.51,1274.41,2452.54,5199.55,3403.92
2024-11,2657.23,3792.33,4124.01,749.91,2881.78,2296.82,1595.74,2736.21,462.05,1311.1,2452.77,5240.77,3447.8
2024-12,2684.55,3841.32,4123.21,744.87,2931.02,2360.58,1609.74,2724.64,470.47,1330.19,2454.37,5311.78,3500.78
2025-1,2819.65,3989.45,4165.35,706.36,3146.2,2471.41,1989.18,2839.19,480.56,1403.22,2641.58,5656.88,3769.02
2025-2,2883.75,4115.94,4164.84,670.64,3290.27,2513.4,1901.96,2925.79,492.02,1406.77,2903.73,5833.16,3879.47
2025-3,2954.69,4319.13,4579.45,654.04,3359.26,2571.63,1915.43,2933.18,493.84,1437.88,3039.63,5958.51,3948.4
2025-4,3043.23,4405.98,4576.59,696.54,3515.72,2639.44,1935.01,3044.61,498.46,1457.55,3108.85,6172.43,4053.22
2025-5,3089.74,4374.64,4579.52,745.1,3621.0,2671.36,1944.02,3125.64,494.92,1485.88,3145.81,6285.48,4117.55
2025-6,3132.17,4362.88,4586.04,743.1,3715.79,2725.06,1956.76,3199.95,504.0,1507.35,3286.64,6417.44,4188.78
2025-7,3196.66,4366.15,4847.18,699.84,3930.4,2769.53,2012.26,3292.32,525.4,1538.36,3374.43,6561.51,4270.37
2025-8,3261.72,4497.92,5139.92,694.85,4035.02,2791.57,2032.55,3343.43,533.05,1561.12,3444.14,6684.69,4298.77
2025-9,3367.22,4705.79,5138.41,722.1,4138.33,2837.62,2042.39,3437.3,539.72,1581.3,4060.48,6863.98,4390.66
2025-10,3453.09,4866.31,5262.63,811.8,4248.26,2879.75,2052.14,3474.04,541.26,1597.14,4063.68,6955.87,4429.52
2025-11,3482.96,4832.88,5389.93,817.35,4320.35,2904.7,2065.89,3535.97,544.21,1650.27,4075.8,7017.75,4479.94
2025-12,3513.87,4928.95,5393.02,793.28,4380.32,2949.95,2106.63,3499.42,560.04,1662.67,4080.93,7123.56,4539.96
2026-1,3683.83,,,,,,,,,,,,
