Tarih,TP_APIFON4,TP_PY_P02_LON
02-05-2022,,
03-05-2022,,
04-05-2022,,
05-05-2022,14.0,18.5
06-05-2022,14.0,18.5
09-05-2022,14.0,18.5
10-05-2022,14.0,18.5
11-05-2022,14.0,18.5
12-05-2022,14.0,18.5
13-05-2022,14.0,18.5
16-05-2022,14.0,18.5
17-05-2022,14.0,18.5
18-05-2022,14.0,18.5
19-05-2022,,
20-05-2022,14.0,18.5
23-05-2022,14.0,18.5
24-05-2022,14.0,18.5
25-05-2022,14.0,18.5
26-05-2022,14.0,18.5
27-05-2022,14.0,18.5
30-05-2022,14.0,18.5
31-05-2022,14.0,18.5
01-06-2022,14.0,18.5
02-06-2022,14.0,18.5
03-06-2022,14.0,18.5
06-06-2022,14.0,18.5
07-06-2022,14.0,18.5
08-06-2022,14.0,18.5
09-06-2022,14.0,18.5
10-06-2022,14.0,18.5
13-06-2022,14.0,18.5
14-06-2022,14.0,18.5
15-06-2022,14.0,18.5
16-06-2022,14.0,18.5
17-06-2022,14.03,18.5
20-06-2022,14.01,18.5
21-06-2022,14.0,18.5
22-06-2022,14.0,18.5
23-06-2022,14.02,18.5
24-06-2022,14.0,18.5
27-06-2022,14.0,18.5
28-06-2022,14.0,18.5
29-06-2022,14.0,18.5
30-06-2022,14.05,18.5
01-07-2022,14.0,18.5
04-07-2022,14.0,18.5
05-07-2022,14.0,18.5
06-07-2022,14.0,18.5
07-07-2022,14.0,18.5
08-07-2022,14.0,18.5
11-07-2022,,
12-07-2022,,
13-07-2022,14.0,18.5
14-07-2022,14.0,18.5
15-07-2022,,
18-07-2022,14.0,18.5
19-07-2022,14.0,18.5
20-07-2022,14.0,18.5
21-07-2022,14.0,18.5
22-07-2022,14.0,18.5
25-07-2022,14.0,18.5
26-07-2022,14.0,18.5
27-07-2022,14.01,18.5
28-07-2022,14.0,18.5
29-07-2022,14.0,18.5
01-08-2022,14.0,18.5
02-08-2022,14.0,18.5
03-08-2022,14.0,18.5
04-08-2022,14.0,18.5
05-08-2022,14.0,18.5
08-08-2022,14.0,18.5
09-08-2022,14.0,18.5
10-08-2022,14.0,18.5
11-08-2022,14.0,18.5
12-08-2022,14.0,18.5
15-08-2022,14.0,18.5
16-08-2022,14.0,18.5
17-08-2022,14.0,18.5
18-08-2022,14.03,17.5
19-08-2022,13.7,17.5
22-08-2022,13.42,17.5
23-08-2022,13.29,17.5
24-08-2022,13.18,17.5
25-08-2022,13.0,17.5
26-08-2022,13.0,17.5
29-08-2022,13.0,17.5
30-08-2022,,
31-08-2022,13.0,17.5
01-09-2022,13.0,17.5
02-09-2022,13.0,17.5
05-09-2022,13.0,17.5
06-09-2022,13.0,17.5
07-09-2022,13.0,17.5
08-09-2022,13.0,17.5
09-09-2022,13.0,17.5
12-09-2022,13.0,17.5
13-09-2022,13.0,17.5
14-09-2022,13.0,17.5
15-09-2022,13.0,17.5
16-09-2022,13.0,17.5
19-09-2022,13.0,17.5
20-09-2022,13.0,17.5
21-09-2022,13.0,17.5
22-09-2022,13.0,16.5
23-09-2022,12.7,16.5
26-09-2022,12.52,16.5
27-09-2022,12.4,16.5
28-09-2022,12.15,16.5
29-09-2022,12.0,16.5
30-09-2022,12.04,16.5
03-10-2022,12.01,16.5
04-10-2022,12.0,16.5
05-10-2022,12.0,16.5
06-10-2022,12.02,16.5
07-10-2022,12.0,16.5
10-10-2022,12.0,16.5
11-10-2022,12.0,16.5
12-10-2022,12.0,16.5
13-10-2022,12.0,16.5
14-10-2022,12.0,16.5
17-10-2022,12.0,16.5
18-10-2022,12.0,16.5
19-10-2022,12.0,16.5
20-10-2022,12.02,15.0
21-10-2022,11.55,15.0
24-10-2022,11.48,15.0
25-10-2022,11.22,15.0
26-10-2022,10.77,15.0
27-10-2022,10.5,15.0
28-10-2022,10.5,15.0
31-10-2022,10.5,15.0
01-11-2022,10.5,15.0
02-11-2022,10.5,15.0
03-11-2022,10.5,15.0
04-11-2022,10.5,15.0
07-11-2022,10.5,15.0
08-11-2022,10.5,15.0
09-11-2022,10.5,15.0
10-11-2022,10.5,15.0
11-11-2022,10.5,15.0
14-11-2022,10.5,15.0
15-11-2022,10.5,15.0
16-11-2022,10.5,15.0
17-11-2022,10.5,15.0
18-11-2022,10.53,15.0
21-11-2022,10.56,15.0
22-11-2022,10.5,15.0
23-11-2022,10.5,15.0
24-11-2022,10.5,13.5
25-11-2022,10.23,13.5
28-11-2022,9.96,13.5
29-11-2022,9.51,13.5
30-11-2022,9.27,13.5
01-12-2022,9.0,13.5
02-12-2022,9.0,13.5
05-12-2022,9.0,13.5
06-12-2022,9.0,13.5
07-12-2022,9.0,13.5
08-12-2022,9.0,13.5
09-12-2022,9.0,13.5
12-12-2022,9.0,13.5
13-12-2022,9.0,13.5
14-12-2022,9.0,13.5
15-12-2022,9.0,13.5
16-12-2022,9.0,13.5
19-12-2022,9.0,13.5
20-12-2022,9.0,13.5
21-12-2022,9.0,13.5
22-12-2022,9.0,13.5
23-12-2022,9.0,13.5
26-12-2022,9.0,13.5
27-12-2022,9.0,13.5
28-12-2022,9.0,13.5
29-12-2022,9.02,13.5
30-12-2022,9.04,13.5
02-01-2023,9.0,13.5
03-01-2023,9.0,13.5
04-01-2023,9.05,13.5
05-01-2023,9.06,13.5
06-01-2023,9.0,13.5
09-01-2023,9.0,13.5
10-01-2023,9.0,13.5
11-01-2023,9.0,13.5
12-01-2023,9.0,13.5
13-01-2023,9.04,13.5
16-01-2023,9.0,13.5
17-01-2023,9.0,13.5
18-01-2023,9.0,13.5
19-01-2023,9.0,13.5
20-01-2023,9.0,13.5
23-01-2023,9.0,13.5
24-01-2023,9.0,13.5
25-01-2023,9.0,13.5
26-01-2023,9.0,13.5
27-01-2023,9.0,13.5
30-01-2023,9.0,13.5
31-01-2023,9.0,13.5
01-02-2023,9.0,13.5
02-02-2023,9.0,13.5
03-02-2023,9.0,13.5
06-02-2023,9.0,13.5
07-02-2023,9.0,13.5
08-02-2023,9.0,13.5
09-02-2023,9.0,13.5
10-02-2023,9.0,13.5
13-02-2023,9.0,13.5
14-02-2023,9.0,13.5
15-02-2023,9.0,13.5
16-02-2023,9.0,13.5
17-02-2023,9.0,13.5
20-02-2023,9.0,13.5
21-02-2023,9.0,13.5
22-02-2023,9.0,13.5
23-02-2023,9.0,13.0
24-02-2023,8.83,13.0
27-02-2023,8.82,13.0
28-02-2023,8.76,13.0
01-03-2023,8.66,13.0
02-03-2023,8.59,13.0
03-03-2023,8.5,13.0
06-03-2023,8.5,13.0
07-03-2023,8.5,13.0
08-03-2023,8.5,13.0
09-03-2023,8.5,13.0
10-03-2023,8.5,13.0
13-03-2023,8.5,13.0
14-03-2023,8.5,13.0
15-03-2023,8.5,13.0
16-03-2023,8.5,13.0
17-03-2023,8.5,13.0
20-03-2023,8.5,13.0
21-03-2023,8.5,13.0
22-03-2023,8.5,13.0
23-03-2023,8.5,13.0
24-03-2023,8.5,13.0
27-03-2023,8.5,13.0
28-03-2023,8.5,13.0
29-03-2023,8.5,13.0
30-03-2023,8.5,13.0
31-03-2023,8.56,13.0
03-04-2023,8.5,13.0
04-04-2023,8.5,13.0
05-04-2023,8.5,13.0
06-04-2023,8.53,13.0
07-04-2023,8.5,13.0
10-04-2023,8.55,13.0
11-04-2023,8.51,13.0
12-04-2023,8.63,13.0
13-04-2023,8.5,13.0
14-04-2023,8.54,13.0
17-04-2023,8.5,13.0
18-04-2023,8.56,13.0
19-04-2023,8.62,13.0
20-04-2023,8.71,13.0
21-04-2023,,
24-04-2023,8.7,13.0
25-04-2023,8.67,13.0
26-04-2023,8.58,13.0
27-04-2023,8.62,13.0
28-04-2023,8.7,13.0
01-05-2023,,
02-05-2023,8.77,13.0
03-05-2023,8.61,13.0
04-05-2023,8.59,13.0
05-05-2023,8.5,13.0
08-05-2023,8.67,13.0
09-05-2023,8.82,13.0
10-05-2023,8.99,13.0
11-05-2023,8.87,13.0
12-05-2023,9.05,13.0
15-05-2023,8.89,13.0
16-05-2023,8.88,13.0
17-05-2023,8.89,13.0
18-05-2023,8.99,13.0
19-05-2023,,
22-05-2023,8.95,13.0
23-05-2023,9.04,13.0
24-05-2023,9.06,13.0
25-05-2023,9.15,13.0
26-05-2023,9.09,13.0
29-05-2023,8.99,13.0
30-05-2023,8.98,13.0
31-05-2023,9.09,13.0
01-06-2023,9.07,13.0
02-06-2023,9.09,13.0
05-06-2023,9.06,13.0
06-06-2023,9.07,13.0
07-06-2023,9.04,13.0
08-06-2023,8.94,13.0
09-06-2023,9.0,13.0
12-06-2023,8.99,13.0
13-06-2023,8.85,13.0
14-06-2023,8.78,13.0
15-06-2023,8.75,13.0
16-06-2023,8.7,13.0
19-06-2023,8.63,13.0
20-06-2023,8.5,13.0
21-06-2023,8.5,13.0
22-06-2023,8.74,19.5
23-06-2023,10.73,19.5
26-06-2023,11.72,19.5
27-06-2023,12.84,19.5
28-06-2023,,
29-06-2023,,
30-06-2023,,
03-07-2023,12.61,19.5
04-07-2023,11.47,19.5
05-07-2023,14.95,19.5
06-07-2023,15.0,19.5
07-07-2023,15.0,19.5
10-07-2023,15.0,19.5
11-07-2023,15.0,19.5
12-07-2023,15.0,19.5
13-07-2023,15.0,19.5
14-07-2023,15.0,19.5
17-07-2023,15.0,19.5
18-07-2023,15.0,19.5
19-07-2023,15.0,19.5
20-07-2023,15.0,22.0
21-07-2023,15.5,22.0
24-07-2023,16.0,22.0
25-07-2023,16.5,22.0
26-07-2023,17.0,22.0
27-07-2023,17.5,22.0
28-07-2023,17.5,22.0
31-07-2023,17.5,22.0
01-08-2023,17.5,22.0
02-08-2023,17.5,22.0
03-08-2023,17.5,22.0
04-08-2023,17.5,22.0
07-08-2023,17.5,22.0
08-08-2023,17.5,22.0
09-08-2023,17.5,22.0
10-08-2023,17.5,22.0
11-08-2023,17.5,22.0
14-08-2023,17.5,22.0
15-08-2023,17.5,22.0
16-08-2023,17.5,22.0
17-08-2023,17.5,22.0
18-08-2023,17.5,22.0
21-08-2023,18.16,22.0
22-08-2023,17.97,22.0
23-08-2023,17.97,22.0
24-08-2023,18.04,29.5
25-08-2023,17.58,29.5
28-08-2023,17.81,29.5
29-08-2023,22.0,29.5
30-08-2023,,
31-08-2023,23.5,29.5
01-09-2023,24.92,29.5
04-09-2023,24.92,29.5
05-09-2023,24.94,29.5
06-09-2023,25.0,29.5
07-09-2023,25.0,29.5
08-09-2023,25.11,29.5
11-09-2023,25.0,29.5
12-09-2023,25.14,29.5
13-09-2023,25.0,29.5
14-09-2023,25.0,29.5
15-09-2023,25.87,29.5
18-09-2023,25.8,29.5
19-09-2023,25.82,29.5
20-09-2023,25.76,29.5
21-09-2023,26.06,34.5
22-09-2023,25.21,34.5
25-09-2023,27.0,34.5
26-09-2023,28.0,34.5
27-09-2023,29.0,34.5
28-09-2023,30.0,34.5
29-09-2023,31.0,34.5
02-10-2023,30.03,34.5
03-10-2023,30.0,34.5
04-10-2023,30.0,34.5
05-10-2023,30.0,34.5
06-10-2023,30.0,34.5
09-10-2023,30.0,34.5
10-10-2023,30.0,34.5
11-10-2023,30.0,34.5
12-10-2023,30.0,34.5
13-10-2023,30.0,34.5
16-10-2023,30.0,34.5
17-10-2023,30.0,34.5
18-10-2023,30.0,34.5
19-10-2023,30.0,34.5
20-10-2023,30.0,34.5
23-10-2023,30.0,34.5
24-10-2023,30.0,34.5
25-10-2023,30.0,34.5
26-10-2023,30.0,39.5
27-10-2023,31.0,39.5
30-10-2023,32.0,39.5
31-10-2023,33.0,39.5
01-11-2023,34.0,39.5
02-11-2023,35.0,39.5
03-11-2023,35.0,39.5
06-11-2023,35.0,39.5
07-11-2023,35.0,39.5
08-11-2023,35.0,39.5
09-11-2023,35.0,39.5
10-11-2023,35.48,39.5
13-11-2023,35.0,39.5
14-11-2023,35.0,39.5
15-11-2023,35.0,39.5
16-11-2023,35.0,39.5
17-11-2023,35.58,39.5
20-11-2023,35.0,39.5
21-11-2023,35.0,39.5
22-11-2023,35.0,39.5
23-11-2023,35.16,44.5
24-11-2023,36.0,44.5
27-11-2023,37.0,44.5
28-11-2023,38.0,44.5
29-11-2023,39.56,44.5
30-11-2023,41.09,44.5
01-12-2023,40.79,44.5
04-12-2023,40.0,44.5
05-12-2023,40.0,44.5
06-12-2023,40.0,44.5
07-12-2023,40.0,44.5
08-12-2023,40.0,44.5
11-12-2023,40.0,44.5
12-12-2023,40.0,44.5
13-12-2023,40.0,44.5
14-12-2023,40.0,44.5
15-12-2023,40.0,44.5
18-12-2023,40.0,44.5
19-12-2023,40.0,44.5
20-12-2023,40.0,44.5
21-12-2023,40.0,47.0
22-12-2023,40.5,47.0
25-12-2023,41.0,47.0
26-12-2023,41.5,47.0
27-12-2023,42.0,47.0
28-12-2023,42.5,47.0
29-12-2023,42.5,47.0
01-01-2024,,
02-01-2024,42.5,47.0
03-01-2024,42.5,47.0
04-01-2024,42.54,47.0
05-01-2024,42.5,47.0
08-01-2024,42.5,47.0
09-01-2024,42.5,47.0
10-01-2024,42.5,47.0
11-01-2024,42.5,47.0
12-01-2024,42.5,47.0
15-01-2024,42.5,47.0
16-01-2024,42.5,47.0
17-01-2024,42.5,47.0
18-01-2024,42.5,47.0
19-01-2024,43.03,47.0
22-01-2024,42.5,47.0
23-01-2024,42.5,47.0
24-01-2024,42.5,47.0
25-01-2024,42.5,49.5
26-01-2024,43.0,49.5
29-01-2024,43.33,49.5
30-01-2024,43.57,49.5
31-01-2024,44.0,49.5
01-02-2024,46.4,49.5
02-02-2024,45.0,49.5
05-02-2024,45.0,49.5
06-02-2024,45.0,49.5
07-02-2024,45.0,49.5
08-02-2024,45.0,49.5
09-02-2024,45.0,49.5
12-02-2024,45.0,49.5
13-02-2024,45.0,49.5
14-02-2024,45.0,49.5
15-02-2024,45.0,49.5
16-02-2024,45.0,49.5
19-02-2024,45.0,49.5
20-02-2024,45.0,49.5
21-02-2024,46.02,49.5
22-02-2024,46.23,49.5
23-02-2024,46.36,49.5
26-02-2024,45.02,49.5
27-02-2024,45.0,49.5
28-02-2024,45.0,49.5
29-02-2024,45.0,49.5
01-03-2024,46.16,49.5
04-03-2024,46.31,49.5
05-03-2024,46.27,49.5
06-03-2024,46.27,49.5
07-03-2024,46.25,49.5
08-03-2024,46.28,49.5
11-03-2024,46.2,49.5
12-03-2024,46.24,49.5
13-03-2024,46.26,49.5
14-03-2024,46.35,49.5
15-03-2024,46.06,49.5
18-03-2024,46.18,49.5
19-03-2024,46.26,49.5
20-03-2024,46.32,49.5
21-03-2024,46.37,56.0
22-03-2024,48.57,56.0
25-03-2024,48.94,56.0
26-03-2024,49.47,56.0
27-03-2024,49.91,56.0
28-03-2024,51.15,56.0
29-03-2024,51.22,56.0
01-04-2024,50.0,56.0
02-04-2024,50.0,56.0
03-04-2024,50.0,56.0
04-04-2024,50.19,56.0
05-04-2024,51.95,56.0
08-04-2024,50.0,56.0
09-04-2024,50.0,56.0
10-04-2024,,
11-04-2024,,
12-04-2024,,
15-04-2024,50.87,56.0
16-04-2024,51.62,56.0
17-04-2024,52.5,56.0
18-04-2024,52.54,56.0
19-04-2024,52.27,56.0
22-04-2024,51.78,56.0
23-04-2024,,
24-04-2024,51.63,56.0
25-04-2024,52.4,56.0
26-04-2024,52.46,56.0
29-04-2024,51.98,56.0
30-04-2024,52.24,56.0
01-05-2024,,
02-05-2024,51.84,56.0
03-05-2024,52.45,56.0
06-05-2024,50.87,56.0
07-05-2024,50.0,56.0
08-05-2024,50.0,56.0
09-05-2024,52.57,56.0
10-05-2024,52.74,56.0
13-05-2024,50.0,56.0
14-05-2024,50.0,56.0
15-05-2024,50.0,56.0
16-05-2024,50.0,56.0
17-05-2024,50.0,56.0
20-05-2024,50.0,56.0
21-05-2024,50.0,56.0
22-05-2024,50.0,56.0
23-05-2024,50.0,56.0
24-05-2024,51.51,56.0
27-05-2024,50.0,56.0
28-05-2024,50.0,56.0
29-05-2024,50.0,56.0
30-05-2024,50.0,56.0
31-05-2024,50.0,56.0
03-06-2024,50.0,56.0
04-06-2024,50.04,56.0
05-06-2024,50.4,56.0
06-06-2024,50.0,56.0
07-06-2024,50.0,56.0
10-06-2024,50.0,56.0
11-06-2024,50.0,56.0
12-06-2024,50.0,56.0
13-06-2024,50.0,56.0
14-06-2024,50.0,56.0
17-06-2024,,
18-06-2024,,
19-06-2024,,
20-06-2024,50.0,56.0
21-06-2024,50.0,56.0
24-06-2024,50.0,56.0
25-06-2024,50.0,56.0
26-06-2024,50.0,56.0
27-06-2024,50.0,56.0
28-06-2024,51.37,56.0
01-07-2024,50.0,56.0
02-07-2024,50.0,56.0
03-07-2024,50.0,56.0
04-07-2024,50.0,56.0
05-07-2024,50.0,56.0
08-07-2024,50.0,56.0
09-07-2024,50.0,56.0
10-07-2024,50.0,56.0
11-07-2024,50.0,56.0
12-07-2024,50.0,56.0
15-07-2024,,
16-07-2024,50.0,56.0
17-07-2024,50.0,56.0
18-07-2024,50.0,56.0
19-07-2024,50.0,56.0
22-07-2024,50.0,56.0
23-07-2024,50.0,56.0
24-07-2024,50.0,56.0
25-07-2024,50.0,56.0
26-07-2024,50.0,56.0
29-07-2024,50.0,56.0
30-07-2024,50.0,56.0
31-07-2024,50.0,56.0
01-08-2024,50.0,56.0
02-08-2024,50.0,56.0
05-08-2024,50.0,56.0
06-08-2024,51.6,56.0
07-08-2024,51.4,56.0
08-08-2024,51.3,56.0
09-08-2024,50.0,56.0
12-08-2024,50.0,56.0
13-08-2024,50.0,56.0
14-08-2024,50.0,56.0
15-08-2024,50.0,56.0
16-08-2024,50.0,56.0
19-08-2024,50.0,56.0
20-08-2024,50.0,56.0
21-08-2024,50.0,56.0
22-08-2024,50.0,56.0
23-08-2024,50.0,56.0
26-08-2024,50.0,56.0
27-08-2024,50.0,56.0
28-08-2024,50.0,56.0
29-08-2024,52.79,56.0
30-08-2024,,
02-09-2024,52.49,56.0
03-09-2024,52.74,56.0
04-09-2024,52.64,56.0
05-09-2024,52.59,56.0
06-09-2024,52.51,56.0
09-09-2024,52.09,56.0
10-09-2024,50.0,56.0
11-09-2024,50.04,56.0
12-09-2024,50.0,56.0
13-09-2024,50.0,56.0
16-09-2024,50.0,56.0
17-09-2024,50.0,56.0
18-09-2024,50.0,56.0
19-09-2024,50.0,56.0
20-09-2024,50.0,56.0
23-09-2024,50.0,56.0
24-09-2024,50.0,56.0
25-09-2024,50.0,56.0
26-09-2024,50.0,56.0
27-09-2024,50.0,56.0
30-09-2024,50.0,56.0
01-10-2024,50.0,56.0
02-10-2024,50.0,56.0
03-10-2024,50.0,56.0
04-10-2024,50.0,56.0
07-10-2024,50.0,56.0
08-10-2024,50.0,56.0
09-10-2024,50.0,56.0
10-10-2024,50.0,56.0
11-10-2024,50.0,56.0
14-10-2024,50.0,56.0
15-10-2024,50.0,56.0
16-10-2024,50.0,56.0
17-10-2024,50.0,56.0
18-10-2024,50.0,56.0
21-10-2024,50.0,56.0
22-10-2024,50.0,56.0
23-10-2024,50.0,56.0
24-10-2024,50.0,56.0
25-10-2024,50.0,56.0
28-10-2024,50.0,56.0
29-10-2024,,
30-10-2024,50.0,56.0
31-10-2024,50.0,56.0
01-11-2024,50.0,56.0
04-11-2024,50.0,56.0
05-11-2024,50.0,56.0
06-11-2024,50.0,56.0
07-11-2024,50.0,56.0
08-11-2024,50.0,56.0
11-11-2024,50.0,56.0
12-11-2024,50.0,56.0
13-11-2024,50.0,56.0
14-11-2024,50.0,56.0
15-11-2024,50.0,56.0
18-11-2024,50.0,56.0
19-11-2024,50.0,56.0
20-11-2024,50.0,56.0
21-11-2024,50.0,56.0
22-11-2024,50.0,56.0
25-11-2024,50.0,56.0
26-11-2024,50.0,56.0
27-11-2024,50.0,56.0
28-11-2024,50.0,56.0
29-11-2024,50.0,56.0
02-12-2024,50.0,56.0
03-12-2024,50.0,56.0
04-12-2024,50.0,56.0
05-12-2024,50.0,56.0
06-12-2024,50.0,56.0
09-12-2024,50.0,56.0
10-12-2024,50.0,56.0
11-12-2024,50.0,56.0
12-12-2024,50.0,56.0
13-12-2024,50.0,56.0
16-12-2024,50.0,56.0
17-12-2024,50.0,56.0
18-12-2024,50.0,56.0
19-12-2024,50.0,56.0
20-12-2024,50.0,56.0
23-12-2024,50.0,56.0
24-12-2024,50.0,56.0
25-12-2024,50.0,56.0
26-12-2024,50.0,52.0
27-12-2024,49.38,52.0
30-12-2024,48.75,52.0
31-12-2024,48.13,52.0
01-01-2025,,
02-01-2025,48.0,52.0
03-01-2025,48.0,52.0
06-01-2025,48.0,52.0
07-01-2025,48.0,52.0
08-01-2025,47.5,52.0
09-01-2025,47.5,52.0
10-01-2025,47.5,52.0
13-01-2025,47.5,52.0
14-01-2025,47.5,52.0
15-01-2025,47.5,52.0
16-01-2025,47.5,52.0
17-01-2025,47.5,52.0
20-01-2025,47.5,52.0
21-01-2025,47.5,52.0
22-01-2025,47.5,52.0
23-01-2025,47.5,49.5
24-01-2025,45.0,49.5
27-01-2025,45.0,49.5
28-01-2025,45.0,49.5
29-01-2025,45.0,49.5
30-01-2025,45.0,49.5
31-01-2025,45.0,49.5
03-02-2025,45.0,49.5
04-02-2025,45.0,49.5
05-02-2025,45.0,49.5
06-02-2025,45.0,49.5
07-02-2025,45.0,49.5
10-02-2025,45.0,49.5
11-02-2025,45.0,49.5
12-02-2025,45.0,49.5
13-02-2025,45.0,49.5
14-02-2025,45.0,49.5
17-02-2025,45.0,49.5
18-02-2025,45.0,49.5
19-02-2025,45.0,49.5
20-02-2025,45.0,49.5
21-02-2025,45.0,49.5
24-02-2025,45.0,49.5
25-02-2025,45.0,49.5
26-02-2025,45.0,49.5
27-02-2025,45.0,49.5
28-02-2025,45.0,49.5
03-03-2025,45.0,49.5
04-03-2025,45.0,49.5
05-03-2025,45.0,49.5
06-03-2025,45.0,47.0
07-03-2025,42.5,47.0
10-03-2025,42.5,47.0
11-03-2025,42.5,47.0
12-03-2025,42.5,47.0
13-03-2025,42.5,47.0
14-03-2025,42.5,47.0
17-03-2025,42.5,47.0
18-03-2025,42.5,47.0
19-03-2025,42.5,47.0
20-03-2025,42.5,49.0
21-03-2025,42.5,49.0
24-03-2025,45.94,49.0
25-03-2025,45.95,49.0
26-03-2025,45.97,49.0
27-03-2025,42.5,49.0
28-03-2025,46.0,49.0
31-03-2025,,
01-04-2025,,
02-04-2025,46.0,49.0
03-04-2025,46.0,49.0
04-04-2025,46.0,49.0
07-04-2025,46.0,49.0
08-04-2025,46.0,49.0
09-04-2025,46.0,49.0
10-04-2025,46.0,49.0
11-04-2025,46.0,49.0
14-04-2025,46.0,49.0
15-04-2025,46.0,49.0
16-04-2025,46.0,49.0
17-04-2025,46.0,52.0
18-04-2025,47.97,52.0
21-04-2025,48.18,52.0
22-04-2025,48.06,52.0
23-04-2025,,
24-04-2025,48.11,52.0
25-04-2025,48.55,52.0
28-04-2025,48.77,52.0
29-04-2025,48.78,52.0
30-04-2025,48.78,52.0
01-05-2025,,
02-05-2025,48.82,52.0
05-05-2025,48.83,52.0
06-05-2025,48.79,52.0
07-05-2025,48.74,52.0
08-05-2025,48.79,52.0
09-05-2025,48.81,52.0
12-05-2025,48.77,52.0
13-05-2025,48.62,52.0
14-05-2025,48.62,52.0
15-05-2025,48.35,52.0
16-05-2025,47.79,52.0
19-05-2025,,
20-05-2025,47.34,52.0
21-05-2025,46.0,52.0
22-05-2025,46.0,52.0
23-05-2025,48.69,52.0
26-05-2025,48.94,52.0
27-05-2025,48.97,52.0
28-05-2025,48.97,52.0
29-05-2025,48.98,52.0
30-05-2025,48.98,52.0
02-06-2025,48.98,52.0
03-06-2025,48.98,52.0
04-06-2025,48.98,52.0
05-06-2025,48.98,52.0
06-06-2025,,
09-06-2025,,
10-06-2025,48.55,52.0
11-06-2025,47.99,52.0
12-06-2025,46.11,52.0
13-06-2025,46.0,52.0
16-06-2025,46.0,52.0
17-06-2025,46.0,52.0
18-06-2025,46.0,52.0
19-06-2025,46.0,52.0
20-06-2025,46.0,52.0
23-06-2025,46.0,52.0
24-06-2025,46.0,52.0
25-06-2025,46.0,52.0
26-06-2025,46.0,52.0
27-06-2025,46.0,52.0
30-06-2025,46.0,52.0
01-07-2025,46.0,52.0
02-07-2025,46.0,52.0
03-07-2025,46.0,52.0
04-07-2025,46.0,52.0
07-07-2025,46.0,52.0
08-07-2025,46.0,52.0
09-07-2025,46.0,52.0
10-07-2025,46.0,52.0
11-07-2025,46.0,52.0
14-07-2025,46.0,52.0
15-07-2025,,
16-07-2025,46.0,52.0
17-07-2025,46.0,52.0
18-07-2025,46.0,52.0
21-07-2025,46.0,52.0
22-07-2025,46.0,52.0
23-07-2025,46.0,52.0
24-07-2025,46.0,49.0
25-07-2025,43.0,49.0
28-07-2025,43.0,49.0
29-07-2025,43.0,49.0
30-07-2025,43.0,49.0
31-07-2025,43.0,49.0
01-08-2025,43.0,49.0
04-08-2025,43.0,49.0
05-08-2025,43.0,49.0
06-08-2025,43.0,49.0
07-08-2025,43.0,49.0
08-08-2025,43.0,49.0
11-08-2025,43.0,49.0
12-08-2025,43.0,49.0
13-08-2025,43.0,49.0
14-08-2025,43.0,49.0
15-08-2025,43.0,49.0
18-08-2025,43.0,49.0
19-08-2025,43.0,49.0
20-08-2025,43.0,49.0
21-08-2025,43.0,49.0
22-08-2025,43.0,49.0
25-08-2025,43.0,49.0
26-08-2025,43.0,49.0
27-08-2025,43.0,49.0
28-08-2025,43.0,49.0
29-08-2025,43.0,49.0
01-09-2025,43.0,49.0
02-09-2025,43.0,49.0
03-09-2025,43.0,49.0
04-09-2025,43.0,49.0
05-09-2025,43.0,49.0
08-09-2025,43.0,49.0
09-09-2025,43.0,49.0
10-09-2025,43.0,49.0
11-09-2025,43.0,46.5
12-09-2025,41.15,46.5
15-09-2025,40.5,46.5
16-09-2025,40.5,46.5
17-09-2025,40.5,46.5
18-09-2025,40.5,46.5
19-09-2025,40.5,46.5
22-09-2025,40.5,46.5
23-09-2025,40.5,46.5
24-09-2025,40.5,46.5
25-09-2025,40.5,46.5
26-09-2025,40.5,46.5
29-09-2025,40.5,46.5
30-09-2025,40.5,46.5
01-10-2025,40.5,46.5
02-10-2025,40.5,46.5
03-10-2025,40.5,46.5
06-10-2025,40.5,46.5
07-10-2025,40.5,46.5
08-10-2025,40.5,46.5
09-10-2025,40.5,46.5
10-10-2025,40.5,46.5
13-10-2025,40.5,46.5
14-10-2025,40.5,46.5
15-10-2025,40.5,46.5
16-10-2025,40.5,46.5
17-10-2025,40.5,46.5
20-10-2025,40.5,46.5
21-10-2025,40.5,46.5
22-10-2025,40.5,46.5
23-10-2025,40.5,45.5
24-10-2025,39.5,45.5
27-10-2025,39.5,45.5
28-10-2025,39.5,45.5
29-10-2025,,
30-10-2025,39.5,45.5
31-10-2025,39.5,45.5
03-11-2025,39.5,45.5
04-11-2025,39.5,45.5
05-11-2025,39.5,45.5
06-11-2025,39.5,45.5
07-11-2025,39.5,45.5
10-11-2025,39.5,45.5
11-11-2025,39.5,45.5
12-11-2025,39.5,45.5
13-11-2025,39.5,45.5
14-11-2025,39.5,45.5
17-11-2025,39.5,45.5
18-11-2025,39.5,45.5
19-11-2025,39.5,45.5
20-11-2025,39.5,45.5
21-11-2025,39.5,45.5
24-11-2025,39.5,45.5
25-11-2025,39.5,45.5
26-11-2025,39.5,45.5
27-11-2025,39.5,45.5
28-11-2025,39.5,45.5
01-12-2025,39.5,45.5
02-12-2025,39.5,45.5
03-12-2025,39.5,45.5
04-12-2025,39.5,45.5
05-12-2025,39.5,45.5
08-12-2025,39.5,45.5
09-12-2025,39.5,45.5
10-12-2025,39.5,45.5
11-12-2025,39.5,44.0
12-12-2025,38.0,44.0
15-12-2025,38.0,44.0
16-12-2025,38.0,44.0
17-12-2025,38.0,44.0
18-12-2025,38.0,44.0
19-12-2025,38.0,44.0
22-12-2025,38.0,44.0
23-12-2025,38.0,44.0
24-12-2025,38.0,44.0
25-12-2025,38.0,44.0
26-12-2025,38.0,44.0
29-12-2025,38.0,44.0
30-12-2025,38.0,44.0
31-12-2025,38.0,44.0
01-01-2026,,
02-01-2026,38.0,44.0
05-01-2026,38.0,44.0
06-01-2026,38.0,44.0
07-01-2026,38.0,44.0
08-01-2026,38.0,44.0
09-01-2026,38.0,44.0
12-01-2026,38.0,44.0
13-01-2026,38.0,44.0
14-01-2026,38.0,44.0
15-01-2026,38.0,44.0
16-01-2026,38.0,44.0
19-01-2026,38.0,44.0
20-01-2026,38.0,44.0
21-01-2026,38.0,44.0
22-01-2026,38.0,43.0
23-01-2026,37.3,43.0
26-01-2026,37.01,43.0
27-01-2026,37.01,43.0
28-01-2026,37.0,43.0
29-01-2026,37.0,43.0
30-01-2026,37.0,43.0
02-02-2026,37.0,43.0
03-02-2026,37.0,43.0
04-02-2026,37.0,43.0
05-02-2026,37.0,43.0
06-02-2026,37.0,43.0
09-02-2026,37.0,43.0
10-02-2026,37.0,43.0
11-02-2026,37.0,43.0
12-02-2026,37.0,43.0
13-02-2026,37.0,43.0
16-02-2026,37.0,43.0
17-02-2026,37.0,43.0
18-02-2026,37.0,43.0
19-02-2026,37.0,43.0
20-02-2026,37.0,43.0
23-02-2026,37.0,43.0
24-02-2026,37.0,43.0
25-02-2026,37.0,43.0
26-02-2026,37.0,43.0
27-02-2026,37.0,43.0
