date,p_active,p_passive,phi_bar_t
2003-03-01,1.0000000000000002,1.0057990979651579e-68,2.9438854191530877
2003-04-01,1.0000000000000002,4.801592384655147e-58,2.9438854191530877
2003-05-01,1.0000000000000002,8.677348759605343e-60,2.9438854191530877
2003-06-01,1.0000000000000002,3.024208931870602e-51,2.9438854191530877
2003-07-01,1.0000000000000002,1.8754706395627923e-44,2.9438854191530877
2003-08-01,1.0000000000000002,3.046006127834415e-37,2.9438854191530877
2003-09-01,1.0000000000000002,2.2112995307865744e-29,2.9438854191530877
2003-10-01,1.0000000000000002,2.8508055159308163e-21,2.9438854191530877
2003-11-01,1.0000000000000002,1.4911341822969344e-21,2.9438854191530877
2003-12-01,1.0000000000000002,2.552742450090048e-21,2.9438854191530877
2004-01-01,1.0000000000000002,1.7512843983461463e-22,2.9438854191530877
2004-02-01,1.0000000000000002,1.4999364140914854e-18,2.9438854191530877
2004-03-01,0.999999999999998,2.1862425843007373e-15,2.9438854191530828
2004-04-01,0.9999999999999958,4.520972099374641e-15,2.943885419153078
2004-05-01,0.9999999999999997,7.719190938150794e-16,2.9438854191530868
2004-06-01,0.999999999999999,1.2624008404775882e-15,2.943885419153085
2004-07-01,0.9999999999999999,2.600097122098815e-16,2.9438854191530868
2004-08-01,0.9999999999999982,1.9894350877999868e-15,2.943885419153083
2004-09-01,0.9999999999917051,8.295169508233405e-12,2.9438854191342565
2004-10-01,0.9999999999410205,5.897980703714615e-11,2.9438854190191925
2004-11-01,0.999999998920317,1.0796834675684779e-9,2.94388541670199
2004-12-01,0.9999999772435685,2.2756431856010375e-8,2.943885367491421
2005-01-01,0.999999999309494,6.905063603535326e-10,2.9438854175855003
2005-02-01,0.999999986299444,1.3700556395597183e-8,2.9438853880500755
2005-03-01,0.9999999021129313,9.788706897710747e-8,2.9438851969297968
2005-04-01,0.9999996066871469,3.9331285341001905e-7,2.9438845262539775
2005-05-01,0.9999979487259073,2.051274093259103e-6,2.943880762349229
2005-06-01,0.999994152498435,5.847501565398105e-6,2.9438721441510065
2005-07-01,0.9999987071979615,1.2928020391798457e-6,2.943882484233009
2005-08-01,0.9999996036294667,3.963705338386797e-7,2.9438845193124297
2005-09-01,0.9999971686634594,2.831336541005648e-6,2.943878991450923
2005-10-01,0.9999953092862535,4.690713746847698e-6,2.9438747702915085
2005-11-01,0.9999770774912045,0.000022922508795872514,2.943833380457829
2005-12-01,0.9999694767090268,0.00003052329097358432,2.9438161251568933
2006-01-01,0.999991602965116,8.397034884316594e-6,2.943866356198709
2006-02-01,0.9999878560103438,0.000012143989656396045,2.943857849859404
2006-03-01,0.9999959204003485,4.07959965189107e-6,2.9438761576431483
2006-04-01,0.9999905037093103,9.49629068988307e-6,2.9438638606674217
2006-05-01,0.9999667588402518,0.00003324115974841768,2.943809955049328
2006-06-01,0.9999999707180612,2.9281939056595837e-8,2.94388535267721
2006-07-01,0.99999999885202,1.1479802153139533e-9,2.9438854165469426
2006-08-01,0.9999999962964974,3.703503045439189e-9,2.9438854107453936
2006-09-01,0.9999999995972875,4.027130977772965e-10,2.943885418238849
2006-10-01,0.9999999909122889,9.087711410426933e-9,2.9438853985221596
2006-11-01,0.9999999886767573,1.132324292892211e-8,2.943885393447054
2006-12-01,0.9999999954998317,4.50016864141432e-9,2.943885408936802
2007-01-01,0.9999999997574652,2.4253498526841475e-10,2.9438854186024845
2007-02-01,0.999999997938912,2.0610880110608715e-9,2.943885414474004
2007-03-01,0.9999999995144917,4.855082774655414e-10,2.943885418050886
2007-04-01,0.9999999989133905,1.0866094012717507e-9,2.943885416686266
2007-05-01,0.9999999987679115,1.2320883969132646e-9,2.943885416355999
2007-06-01,0.9999999993294765,6.705234455069305e-10,2.943885417630864
2007-07-01,0.9999999997947548,2.052450256217622e-10,2.9438854186871395
2007-08-01,0.9999999999429571,5.704287360025993e-11,2.943885419023588
2007-09-01,0.9999999996315567,3.68442986725272e-10,2.943885418316647
2007-10-01,0.9999999907594828,9.240516948648227e-9,2.9438853981752584
2007-11-01,0.9999999018874507,9.811254914328505e-8,2.9438851964179102
2007-12-01,0.9999998215230897,1.7847691017607878e-7,2.9438850139746826
2008-01-01,0.9999999693198929,3.0680107058322915e-8,2.943885349503087
2008-02-01,0.9999999195757318,8.042426824710816e-8,2.9438852365738577
2008-03-01,0.9999998377884772,1.6221152275807176e-7,2.9438850509003767
2008-04-01,0.9999998711266296,1.288733705138049e-7,2.943885126584673
2008-05-01,0.9999998616745606,1.3832543955079661e-7,2.9438851051265797
2008-06-01,0.99999997033304,2.9666959995136192e-8,2.9438853518031345
2008-07-01,0.9999999993398598,6.601401571885764e-10,2.9438854176544367
2008-08-01,0.9999999955360356,4.463964477227372e-9,2.943885409018992
2008-09-01,0.9999999988389916,1.161008358213531e-9,2.943885416517365
2008-10-01,0.9999999824040526,1.7595947384631958e-8,2.9438853792067556
2008-11-01,0.9999346358872596,0.00006536411274043735,2.9437370294993164
2008-12-01,0.9946317676359352,0.005368232364064737,2.9316984543421505
2009-01-01,0.6775819876040301,0.3224180123959699,2.211931825306313
2009-02-01,0.11051489878574852,0.8894851012142515,0.9245757296331747
2009-03-01,0.010109910809334013,0.9898900891906657,0.6966362567627146
2009-04-01,0.00019411680540478828,0.9998058831945948,0.67412541438426
2009-05-01,0.00004741884107068007,0.9999525811589288,0.6737923805645721
2009-06-01,0.00002821754427824164,0.9999717824557215,0.6737487897673669
2009-07-01,0.00003967788356160109,0.9999603221164381,0.6737748070375027
2009-08-01,0.000022913912920019686,0.9999770860870799,0.673736749459804
2009-09-01,0.000029708107899109312,0.9999702918921007,0.6737521736459258
2009-10-01,0.00002144414271589097,0.9999785558572838,0.6737334127864739
2009-11-01,0.00001304821190768886,0.999986951788092,0.6737143523385695
2009-12-01,0.0000109579141473289,0.9999890420858524,0.6737096069431538
2010-01-01,0.000012637433956039195,0.9999873625660437,0.6737134197901806
2010-02-01,8.594653762869557e-6,0.9999914053462369,0.6737042418678011
2010-03-01,0.00001305585479775776,0.999986944145202,0.6737143696894636
2010-04-01,0.00002192119371996768,0.9999780788062796,0.6737344957879919
2010-05-01,0.00003056440632309435,0.9999694355936765,0.6737541176151977
2010-06-01,0.000049856492896151464,0.9999501435071035,0.6737979145234257
2010-07-01,0.00005820815962846113,0.9999417918403712,0.6738168744829947
2010-08-01,0.00006625156586721733,0.9999337484341326,0.6738351346293788
2010-09-01,0.0000393721079332146,0.9999606278920665,0.6737741128654604
2010-10-01,0.000042409827769047765,0.9999575901722307,0.6737810090991243
2010-11-01,0.00036551776108640667,0.9996344822389135,0.6745145289519222
2010-12-01,0.0005081935802902063,0.9994918064197097,0.6748384316949644
2011-01-01,0.0005976793140567302,0.9994023206859433,0.6750415822694056
2011-02-01,0.0006691154534202228,0.9993308845465796,0.675203756642199
2011-03-01,0.0006955052117680659,0.9993044947882317,0.6752636666897794
2011-04-01,0.0006822627399915373,0.9993177372600084,0.6752336036212301
2011-05-01,0.000728669130741641,0.9992713308692583,0.6753389554414791
2011-06-01,0.000767045031525242,0.9992329549684749,0.6754260764378744
2011-07-01,0.00041373083829804964,0.999586269161702,0.6746239823130209
2011-08-01,0.00013763415699820204,0.9998623658430019,0.6739971874369383
2011-09-01,0.000044977741019998584,0.9999550222589803,0.673786838777556
2011-10-01,0.000057258139639254586,0.9999427418603609,0.673814717746961
2011-11-01,0.00002838126121602766,0.999971618738784,0.673749161437672
2011-12-01,0.0000361689894662967,0.9999638310105339,0.6737668411437105
2012-01-01,0.000041330130774076266,0.9999586698692262,0.6737785579702629
2012-02-01,0.000034164275811454256,0.9999658357241887,0.6737622900413903
2012-03-01,0.00004012264875339554,0.9999598773512466,0.6737758167437476
2012-04-01,0.00004346062758946384,0.9999565393724104,0.6737833946256006
2012-05-01,0.00003228930931407188,0.9999677106906859,0.6737580334911563
2012-06-01,0.00004637740700111037,0.9999536225929989,0.6737900163002303
2012-07-01,0.000058568464356037575,0.999941431535644,0.6738176924470356
2012-08-01,0.000039449096332213346,0.9999605509036679,0.673774287644577
2012-09-01,0.00003519225281686165,0.9999648077471833,0.6737646237554962
2012-10-01,0.000028389431317716435,0.9999716105686823,0.6737491799854424
2012-11-01,0.00001738140262180033,0.9999826185973782,0.6737241895511138
2012-12-01,0.000030391408528705975,0.9999696085914712,0.6737537248754858
2013-01-01,0.00003197091700055115,0.9999680290829995,0.6737573106767069
2013-02-01,0.0000302930964546562,0.9999697069035455,0.6737535016873478
2013-03-01,0.00003822711194876823,0.9999617728880515,0.6737715134947881
2013-04-01,0.00004368876684897659,0.9999563112331513,0.673783912547505
2013-05-01,0.00005587332111809995,0.9999441266788822,0.6738115739310004
2013-06-01,0.00007055123431184415,0.9999294487656885,0.6738448957396441
2013-07-01,0.00006114240996241077,0.9999388575900379,0.6738235358201244
2013-08-01,0.00004989196839222993,0.999950108031608,0.6737979950599217
2013-09-01,0.00007543620976808413,0.9999245637902323,0.67385598561429
2013-10-01,0.00006367872078764979,0.9999363212792128,0.6738292937547072
2013-11-01,0.00005816113473619353,0.9999418388652644,0.6738167677270523
2013-12-01,0.00006811952346926131,0.9999318804765314,0.6738393752680143
2014-01-01,0.00010728006843701866,0.9998927199315637,0.6739282775641768
2014-02-01,0.000039740658366431104,0.9999602593416342,0.6737749495489084
2014-03-01,0.00008403285752501908,0.9999159671424757,0.6738755017299499
2014-04-01,0.000046121248118536304,0.9999538787518821,0.6737894347681591
2014-05-01,0.000030033322560388497,0.9999699666774403,0.6737529119484744
2014-06-01,0.00006999471235956292,0.9999300052876411,0.6738436323231248
2014-07-01,0.0000758576165189592,0.9999241423834817,0.6738569422921863
2014-08-01,0.000034057887162071246,0.9999659421128386,0.6737620485178055
2014-09-01,0.00006996120425695846,0.9999300387957436,0.6738435562530072
2014-10-01,0.00005414523344737626,0.9999458547665531,0.67380765082518
2014-11-01,0.000020415653230806923,0.9999795843467696,0.6737310779089368
2014-12-01,0.00005049013068079344,0.9999495098693195,0.6737993530083612
2015-01-01,0.0000646168533797037,0.9999353831466207,0.673831423503964
2015-02-01,0.000023088032872458285,0.9999769119671279,0.6737371447470402
2015-03-01,0.00004409062824190582,0.9999559093717585,0.6737848248535162
2015-04-01,0.000034510250494631405,0.9999654897495058,0.6737630754733547
2015-05-01,0.000026253976854813085,0.9999737460231457,0.67374433207525
2015-06-01,0.000053156821289964514,0.9999468431787105,0.6738054069312194
2015-07-01,0.00008858776989394532,0.9999114122301063,0.6738858422951474
2015-08-01,0.00008756266922966099,0.9999124373307707,0.6738835151109134
2015-09-01,0.00006698864805325718,0.9999330113519471,0.6738368079538657
2015-10-01,0.000033042680188825165,0.9999669573198116,0.6737597437942353
2015-11-01,0.00002892110124412879,0.999971078898756,0.6737503869828757
2015-12-01,0.000049636349720059685,0.99995036365028,0.6737974147542358
2016-01-01,0.00005416355967921559,0.9999458364403209,0.6738076924294039
2016-02-01,0.00002594437943910081,0.9999740556205609,0.6737436292269832
2016-03-01,0.000056382604171125655,0.9999436173958288,0.673812730105738
2016-04-01,0.00005685642678294573,0.9999431435732171,0.6738138057781577
2016-05-01,0.000041854829987595175,0.9999581451700125,0.6737797491427788
2016-06-01,0.000038856853737217045,0.9999611431462629,0.67377294313503
2016-07-01,0.000014919733462798671,0.9999850802665373,0.6737186010680933
2016-08-01,0.000028303891227640363,0.9999716961087726,0.6737489857922712
2016-09-01,0.00004320908566619724,0.999956790914334,0.6737828235749533
2016-10-01,0.00005499027923238639,0.9999450097207678,0.673809569248703
2016-11-01,0.000023894611628643872,0.9999761053883717,0.673738975842688
2016-12-01,0.000032158286594155444,0.9999678417134061,0.6737577360432875
2017-01-01,0.000017977807598778803,0.9999820221924016,0.6737255435101037
2017-02-01,0.000014166886853382211,0.9999858331131468,0.673716891955202
2017-03-01,0.00004084848031582257,0.9999591515196844,0.6737774645270608
2017-04-01,0.00005137146900137316,0.9999486285309989,0.6738013538232237
2017-05-01,0.000037775806917892506,0.9999622241930824,0.6737704889417961
2017-06-01,0.00006417727157524286,0.9999358227284252,0.6738304255650486
2017-07-01,0.00009530803639205334,0.9999046919636083,0.6739010986487809
2017-08-01,0.0001100997016695896,0.999889900298331,0.6739346786974838
2017-09-01,0.00010193392588121192,0.9998980660741194,0.6739161407476637
2017-10-01,0.00009008146035867004,0.9999099185396418,0.6738892332722696
2017-11-01,0.000047973561846006876,0.9999520264381547,0.6737936398920592
2017-12-01,0.00008313049747686763,0.9999168695025239,0.6738734531915471
2018-01-01,0.00011682245079985856,0.9998831775492009,0.6739499406871905
2018-02-01,0.0002180081743834573,0.9997819918256173,0.6741796525865742
2018-03-01,0.0012869401453022408,0.9987130598546986,0.6766063426833138
2018-04-01,0.009380405698356215,0.9906195943016446,0.6949801337572363
2018-05-01,0.071609143978282,0.9283908560217186,0.8362518582680947
2018-06-01,0.9996666611955405,0.0003333388044603276,2.9431286731695754
2018-07-01,0.9999992271395887,7.728604122052657e-7,2.9438836646048494
2018-08-01,0.9999999813967545,1.8603246286993338e-8,2.943885376919987
2018-09-01,0.9999999999999749,2.5861595902113554e-14,2.943885419153031
2018-10-01,0.9999999993179693,6.820315425156245e-10,2.9438854176047413
2018-11-01,0.9999999999998305,1.703415945455666e-13,2.9438854191527026
2018-12-01,1.0000000000000009,1.3427637678159624e-17,2.94388541915309
2019-01-01,1.0000000000000009,1.0284352233312866e-16,2.94388541915309
2019-02-01,0.9999999999999982,2.656590436446141e-15,2.9438854191530837
2019-03-01,1.0000000000000007,1.0314245925287645e-16,2.943885419153089
2019-04-01,0.9999999999999998,1.1305631301204514e-15,2.9438854191530877
2019-05-01,0.9999999999999963,4.438241916880804e-15,2.9438854191530797
2019-06-01,0.9999999999999963,4.372455480823849e-15,2.9438854191530797
2019-07-01,0.999999999905387,9.461354764440865e-11,2.9438854189382972
2019-08-01,0.9999999960787885,3.921212096562505e-9,2.9438854102511507
2019-09-01,0.9999009345238433,0.00009906547615746007,2.943660520640873
2019-10-01,0.9462667035622383,0.053733296437762375,2.8219000525646005
2019-11-01,0.7196305075728463,0.28036949242715437,2.3073904043056594
2019-12-01,0.4153056071035174,0.5846943928964834,1.616511805618623
2020-01-01,0.110338833620752,0.8896611663792489,0.9241760263743134
2020-02-01,0.01771952673126512,0.9822804732687358,0.7139116120707514
2020-03-01,0.001097136692966457,0.9989028633070345,0.6761754507550705
2020-04-01,1.5737710792382853e-8,0.99999998426229,0.6736847660066706
2020-05-01,3.8072036059802074e-7,0.9999996192796401,0.6736855945905336
2020-06-01,6.220733723892029e-6,0.9999937792662766,0.6736988525928937
2020-07-01,0.00013791845032891525,0.9998620815496716,0.6739978328398537
2020-08-01,0.0022366080324601216,0.9977633919675404,0.678762279374941
2020-09-01,0.02929774455749681,0.9707022554425035,0.7401964901557974
2020-10-01,0.16243284295241583,0.8375671570475846,1.0424398822452743
2020-11-01,0.9337205441675166,0.06627945583248393,2.793417752863978
2020-12-01,0.9997777712408014,0.00022222875919916207,2.943380915270867
2021-01-01,0.9999996588744943,3.41125506268795e-7,2.9438846447297298
2021-02-01,0.9999994900822018,5.099177986424028e-7,2.9438842615373506
2021-03-01,0.9999999983753775,1.6246228092206282e-9,2.943885415464868
2021-04-01,0.9999999974071848,2.59281550679201e-9,2.9438854132668766
2021-05-01,0.9999999949676346,5.032365615850074e-9,2.9438854077286076
2021-06-01,0.999999998913268,1.0867322312106632e-9,2.9438854166859874
2021-07-01,0.9999999851806771,1.4819323084465837e-8,2.9438853855102503
2021-08-01,0.999999996641156,3.3588442384199277e-9,2.9438854115278374
2021-09-01,0.9999999730673625,2.6932637731374136e-8,2.9438853580105953
2021-10-01,0.9999077836168673,0.00009221638313296033,2.9436760694565742
2021-11-01,0.975065222106824,0.024934777893176135,2.8872784692030744
2021-12-01,0.5103057035870534,0.48969429641294654,1.8321810900986593
2022-01-01,9.540759175540522e-6,0.999990459240824,0.6737063897169606
2022-02-01,4.880911068571922e-7,0.9999995119088926,0.6736858383436748
2022-03-01,0.00007583833302023572,0.9999241616669792,0.6738568985147734
2022-04-01,0.00006401215723096308,0.9999359878427685,0.6738300507223498
2022-05-01,0.00002067805350927937,0.9999793219464903,0.6737316736102292
2022-06-01,0.0009340094892621328,0.9990659905107374,0.6758051192648458
2022-07-01,0.00006122262505486875,0.9999387773749447,0.6738237179244821
2022-08-01,0.0002670292293131835,0.9997329707706863,0.6742909402192442
2022-09-01,0.0001547600438602583,0.9998452399561392,0.6740360666370896
2022-10-01,0.00002310678112458443,0.9999768932188748,0.6737371873093345
2022-11-01,7.446829107675847e-6,0.9999925531708919,0.6737016360754781
2022-12-01,0.000012742700060329992,0.9999872572999392,0.6737136587653629
2023-01-01,0.000037049157261415665,0.9999629508427381,0.673768839301245
2023-02-01,6.639472892721973e-7,0.9999993360527104,0.6736862375725015
2023-03-01,0.000025036197248855577,0.9999749638027511,0.6737415674711493
2023-04-01,0.0009224641443736115,0.9990775358556262,0.6757789090149268
2023-05-01,0.030921652730897763,0.9690783472691019,0.7438830876097202
2023-06-01,0.9949183443361306,0.0050816556638694005,2.9323490409643496
2023-07-01,0.9999133498833157,0.00008665011668425065,2.9436887059984995
2023-08-01,0.9999999911163432,8.8836568863226e-9,2.9438853989854032
2023-09-01,0.9999999999999999,1.320680684477722e-16,2.9438854191530868
2023-10-01,0.9999999999999999,9.18771498110453e-33,2.9438854191530868
2023-11-01,1.0,8.374665378715097e-48,2.943885419153087
2023-12-01,1.0,2.33716677490252e-56,2.943885419153087
2024-01-01,1.0,1.5136271973056845e-65,2.943885419153087
2024-02-01,1.0,1.2461445933423747e-58,2.943885419153087
2024-03-01,1.0,5.697236218055325e-75,2.943885419153087
2024-04-01,1.0,1.5061524849339313e-76,2.943885419153087
2024-05-01,1.0,5.2559963585988556e-77,2.943885419153087
2024-06-01,1.0,8.369522429642628e-76,2.943885419153087
2024-07-01,1.0,5.2042498166747385e-80,2.943885419153087
2024-08-01,1.0,9.233021965869744e-76,2.943885419153087
2024-09-01,1.0,5.364756610428771e-78,2.943885419153087
2024-10-01,1.0,1.432517292825727e-76,2.943885419153087
2024-11-01,1.0,1.2877732848626458e-77,2.943885419153087
2024-12-01,1.0,6.219673680761459e-77,2.943885419153087
2025-01-01,1.0,9.510064393352081e-70,2.943885419153087
2025-02-01,1.0,1.1457825898777574e-60,2.943885419153087
2025-03-01,1.0,4.660437936533655e-59,2.943885419153087
2025-04-01,1.0,2.0184768307970394e-69,2.943885419153087
2025-05-01,1.0,2.8812102247381743e-69,2.943885419153087
2025-06-01,1.0,1.3974539922793018e-72,2.943885419153087
2025-07-01,1.0,6.577192406049802e-62,2.943885419153087
2025-08-01,1.0,1.2786022735899324e-60,2.943885419153087
2025-09-01,1.0,3.8988493122784165e-52,2.943885419153087
2025-10-01,1.0,1.2074289375127014e-46,2.943885419153087
2025-11-01,1.0,1.505981382661573e-48,2.943885419153087
2025-12-01,1.0,1.6925095767338038e-47,2.943885419153087
2026-01-01,1.0,2.91930382098738e-42,2.943885419153087
